source_id,filename,label,sequence,druid_no_audio
SC1017_s1_Manson,bc006dj2846_111_a_pm.wav,"Tape 1, Side A",,
,bc006dj2846_111_a_sh.wav,"Tape 1, Side A",,
,bc006dj2846_111_a_sl.mp3,"Tape 1, Side A",1,
,bc006dj2846_111_b_pm.wav,"Tape 1, Side B",,
,bc006dj2846_111_b_sh.wav,"Tape 1, Side B",,
,bc006dj2846_111_b_sl.mp3,"Tape 1, Side B",2,
SC1017_s1_Schofield,bg598tg6338_125_a_pm.wav,"Tape 1, Side A",,
,bg598tg6338_125_a_sh.wav,"Tape 1, Side A",,
,bg598tg6338_125_a_sl.mp3,"Tape 1, Side A",1,
,bg598tg6338_125_b_pm.wav,"Tape 1, Side B",,
,bg598tg6338_125_b_sh.wav,"Tape 1, Side B",,
,bg598tg6338_125_b_sl.mp3,"Tape 1, Side B",2,
SC1017_s1_Hall_Marion,bh634sp8073_71_a_pm.wav,"Tape 1, Side A",,
,bh634sp8073_71_a_sh.wav,"Tape 1, Side A",,
,bh634sp8073_71_a_sl.mp3,"Tape 1, Side A",1,
,bh634sp8073_71_b_pm.wav,"Tape 1, Side B",,
,bh634sp8073_71_b_sh.wav,"Tape 1, Side B",,
,bh634sp8073_71_b_sl.mp3,"Tape 1, Side B",2,
SC1017_s3_Lane,bh744xf2156_181_a_pm.wav,"Tape 1, Side A",,
,bh744xf2156_181_a_sh.wav,"Tape 1, Side A",,
,bh744xf2156_181_a_sl.mp3,"Tape 1, Side A",1,
,bh744xf2156_181_b_pm.wav,"Tape 1, Side B",,
,bh744xf2156_181_b_sh.wav,"Tape 1, Side B",,
,bh744xf2156_181_b_sl.mp3,"Tape 1, Side B",2,
SC1017_s6_Anderson,bm619rw5446_218_a_pm.wav,"Tape 1, Side A",,
,bm619rw5446_218_a_sh.wav,"Tape 1, Side A",,
,bm619rw5446_218_a_sl.mp3,"Tape 1, Side A",1,
,bm619rw5446_218_b_pm.wav,"Tape 1, Side B",,
,bm619rw5446_218_b_sh.wav,"Tape 1, Side B",,
,bm619rw5446_218_b_sl.mp3,"Tape 1, Side B",2,
,bm619rw5446_219_a_pm.wav,"Tape 2, Side A",,
,bm619rw5446_219_a_sh.wav,"Tape 2, Side A",,
,bm619rw5446_219_a_sl.mp3,"Tape 2, Side A",3,
,bm619rw5446_220_a_pm.wav,"Tape 3, Side A",,
,bm619rw5446_220_a_sh.wav,"Tape 3, Side A",,
,bm619rw5446_220_a_sl.mp3,"Tape 3, Side A",4,
,bm619rw5446_220_b_pm.wav,"Tape 3, Side B",,
,bm619rw5446_220_b_sh.wav,"Tape 3, Side B",,
,bm619rw5446_220_b_sl.mp3,"Tape 3, Side B",5,
,bm619rw5446_221_a_pm.wav,"Tape 4, Side A",,
,bm619rw5446_221_a_sh.wav,"Tape 4, Side A",,
,bm619rw5446_221_a_sl.mp3,"Tape 4, Side A",6,
SC1017_s5_Ringressy,bp397gc2703_274_a_pm.wav,"Tape 1, Side A",,
,bp397gc2703_274_a_sh.wav,"Tape 1, Side A",,
,bp397gc2703_274_a_sl.mp3,"Tape 1, Side A",1,
,bp397gc2703_274_b_pm.wav,"Tape 1, Side B",,
,bp397gc2703_274_b_sh.wav,"Tape 1, Side B",,
,bp397gc2703_274_b_sl.mp3,"Tape 1, Side B",2,
SC1017_s1_Wilbur_Dwight,bs096rg9691_149_a_pm.wav,"Tape 1, Side A",,
,bs096rg9691_149_a_sh.wav,"Tape 1, Side A",,
,bs096rg9691_149_a_sl.mp3,"Tape 1, Side A",1,
,bs096rg9691_149_b_pm.wav,"Tape 1, Side B",,
,bs096rg9691_149_b_sh.wav,"Tape 1, Side B",,
,bs096rg9691_149_b_sl.mp3,"Tape 1, Side B",2,
,bs096rg9691_150_a_pm.wav,"Tape 2, Side A",,
,bs096rg9691_150_a_sh.wav,"Tape 2, Side A",,
,bs096rg9691_150_a_sl.mp3,"Tape 2, Side A",3,
,bs096rg9691_150_b_pm.wav,"Tape 2, Side B",,
,bs096rg9691_150_b_sh.wav,"Tape 2, Side B",,
,bs096rg9691_150_b_sl.mp3,"Tape 2, Side B",4,
,bs096rg9691_151_a_pm.wav,"Tape 3, Side A",,
,bs096rg9691_151_a_sh.wav,"Tape 3, Side A",,
,bs096rg9691_151_a_sl.mp3,"Tape 3, Side A",5,
,bs096rg9691_151_b_pm.wav,"Tape 3, Side B",,
,bs096rg9691_151_b_sh.wav,"Tape 3, Side B",,
,bs096rg9691_151_b_sl.mp3,"Tape 3, Side B",6,
,bs096rg9691_152_a_pm.wav,"Tape 4, Side A",,
,bs096rg9691_152_a_sh.wav,"Tape 4, Side A",,
,bs096rg9691_152_a_sl.mp3,"Tape 4, Side A",7,
,bs096rg9691_152_b_pm.wav,"Tape 4, Side B",,
,bs096rg9691_152_b_sh.wav,"Tape 4, Side B",,
,bs096rg9691_152_b_sl.mp3,"Tape 4, Side B",8,
,bs096rg9691_153_a_pm.wav,"Tape 5, Side A",,
,bs096rg9691_153_a_sh.wav,"Tape 5, Side A",,
,bs096rg9691_153_a_sl.mp3,"Tape 5, Side A",9,
SC1017_s1_Wilbur_Mary,bx920gw4740_154_a_pm.wav,"Tape 1, Side A",,
,bx920gw4740_154_a_sh.wav,"Tape 1, Side A",,
,bx920gw4740_154_a_sl.mp3,"Tape 1, Side A",1,
,bx920gw4740_154_b_pm.wav,"Tape 1, Side B",,
,bx920gw4740_154_b_sh.wav,"Tape 1, Side B",,
,bx920gw4740_154_b_sl.mp3,"Tape 1, Side B",2,
,bx920gw4740_155_a_pm.wav,"Tape 2, Side A",,
,bx920gw4740_155_a_sh.wav,"Tape 2, Side A",,
,bx920gw4740_155_a_sl.mp3,"Tape 2, Side A",3,
SC1017_s6_Bliss,by590pt3484_222_a_pm.wav,"Tape 1, Side A",,
,by590pt3484_222_a_sh.wav,"Tape 1, Side A",,
,by590pt3484_222_a_sl.mp3,"Tape 1, Side A",1,
,by590pt3484_222_b_pm.wav,"Tape 1, Side B",,
,by590pt3484_222_b_sh.wav,"Tape 1, Side B",,
,by590pt3484_222_b_sl.mp3,"Tape 1, Side B",2,
,by590pt3484_223_a_pm.wav,"Tape 2, Side A",,
,by590pt3484_223_a_sh.wav,"Tape 2, Side A",,
,by590pt3484_223_a_sl.mp3,"Tape 2, Side A",3,
,by590pt3484_223_b_pm.wav,"Tape 2, Side B",,
,by590pt3484_223_b_sh.wav,"Tape 2, Side B",,
,by590pt3484_223_b_sl.mp3,"Tape 2, Side B",4,
,by590pt3484_224_a_pm.wav,"Tape 3, Side A",,
,by590pt3484_224_a_sh.wav,"Tape 3, Side A",,
,by590pt3484_224_a_sl.mp3,"Tape 3, Side A",5,
SC1017_s7_Kriss,bz074xf0149_276_a_pm.wav,"Tape 1, Side A",,
,bz074xf0149_276_a_sh.wav,"Tape 1, Side A",,
,bz074xf0149_276_a_sl.mp3,"Tape 1, Side A",1,
,bz074xf0149_276_b_pm.wav,"Tape 1, Side B",,
,bz074xf0149_276_b_sh.wav,"Tape 1, Side B",,
,bz074xf0149_276_b_sl.mp3,"Tape 1, Side B",2,
SC1017_s6_Englebart,cb260zz4895_229_a_pm.wav,"Tape 1, Side A",,
,cb260zz4895_229_a_sh.wav,"Tape 1, Side A",,
,cb260zz4895_229_a_sl.mp3,"Tape 1, Side A",1,
,cb260zz4895_229_b_pm.wav,"Tape 1, Side B",,
,cb260zz4895_229_b_sh.wav,"Tape 1, Side B",,
,cb260zz4895_229_b_sl.mp3,"Tape 1, Side B",2,
,cb260zz4895_230_a_pm.wav,"Tape 2, Side A",,
,cb260zz4895_230_a_sh.wav,"Tape 2, Side A",,
,cb260zz4895_230_a_sl.mp3,"Tape 2, Side A",3,
,cb260zz4895_231_a_pm.wav,"Tape 3, Side A",,
,cb260zz4895_231_a_sh.wav,"Tape 3, Side A",,
,cb260zz4895_231_a_sl.mp3,"Tape 3, Side A",4,
,cb260zz4895_231_b_pm.wav,"Tape 3, Side B",,
,cb260zz4895_231_b_sh.wav,"Tape 3, Side B",,
,cb260zz4895_231_b_sl.mp3,"Tape 3, Side B",5,
,cb260zz4895_232_a_pm.wav,"Tape 4, Side A",,
,cb260zz4895_232_a_sh.wav,"Tape 4, Side A",,
,cb260zz4895_232_a_sl.mp3,"Tape 4, Side A",6,
,cb260zz4895_232_b_pm.wav,"Tape 4, Side B",,
,cb260zz4895_232_b_sh.wav,"Tape 4, Side B",,
,cb260zz4895_232_b_sl.mp3,"Tape 4, Side B",7,
,cb260zz4895_233_a_pm.wav,"Tape 5, Side A",,
,cb260zz4895_233_a_sh.wav,"Tape 5, Side A",,
,cb260zz4895_233_a_sl.mp3,"Tape 5, Side A",8,
,cb260zz4895_233_b_pm.wav,"Tape 5, Side B",,
,cb260zz4895_233_b_sh.wav,"Tape 5, Side B",,
,cb260zz4895_233_b_sl.mp3,"Tape 5, Side B",9,
,cb260zz4895_234_a_pm.wav,"Tape 6, Side A",,
,cb260zz4895_234_a_sh.wav,"Tape 6, Side A",,
,cb260zz4895_234_a_sl.mp3,"Tape 6, Side A",10,
,cb260zz4895_234_b_pm.wav,"Tape 6, Side B",,
,cb260zz4895_234_b_sh.wav,"Tape 6, Side B",,
,cb260zz4895_234_b_sl.mp3,"Tape 6, Side B",11,
,cb260zz4895_235_a_pm.wav,"Tape 7, Side A",,
,cb260zz4895_235_a_sh.wav,"Tape 7, Side A",,
,cb260zz4895_235_a_sl.mp3,"Tape 7, Side A",12,
,cb260zz4895_235_b_pm.wav,"Tape 7, Side B",,
,cb260zz4895_235_b_sh.wav,"Tape 7, Side B",,
,cb260zz4895_235_b_sl.mp3,"Tape 7, Side B",13,
,cb260zz4895_236_a_pm.wav,"Tape 8, Side A",,
,cb260zz4895_236_a_sh.wav,"Tape 8, Side A",,
,cb260zz4895_236_a_sl.mp3,"Tape 8, Side A",14,
,cb260zz4895_236_b_pm.wav,"Tape 8, Side B",,
,cb260zz4895_236_b_sh.wav,"Tape 8, Side B",,
,cb260zz4895_236_b_sl.mp3,"Tape 8, Side B",15,
SC1017_s1_Yalom,cd593db9411_156_a_pm.wav,"Tape 1, Side A",,
,cd593db9411_156_a_sh.wav,"Tape 1, Side A",,
,cd593db9411_156_a_sl.mp3,"Tape 1, Side A",1,
,cd593db9411_156_b_pm.wav,"Tape 1, Side B",,
,cd593db9411_156_b_sh.wav,"Tape 1, Side B",,
,cd593db9411_156_b_sl.mp3,"Tape 1, Side B",2,
,cd593db9411_157_a_pm.wav,"Tape 2, Side A",,
,cd593db9411_157_a_sh.wav,"Tape 2, Side A",,
,cd593db9411_157_a_sl.mp3,"Tape 2, Side A",3,
SC1017_s5_Slaven,cf989cf5846_217_a_pm.wav,"Tape 1, Side A",,
,cf989cf5846_217_a_sh.wav,"Tape 1, Side A",,
,cf989cf5846_217_a_sl.mp3,"Tape 1, Side A",1,
,cf989cf5846_217_b_pm.wav,"Tape 1, Side B",,
,cf989cf5846_217_b_sh.wav,"Tape 1, Side B",,
,cf989cf5846_217_b_sl.mp3,"Tape 1, Side B",2,
SC1017_ s1_Hofstadter,cs602rt5859_283_a_pm.wav,"Tape 1, Side A",,
,cs602rt5859_283_a_sh.wav,"Tape 1, Side A",,
,cs602rt5859_283_a_sl.mp3,"Tape 1, Side A",1,
,cs602rt5859_283_b_pm.wav,"Tape 1, Side B",,
,cs602rt5859_283_b_sh.wav,"Tape 1, Side B",,
,cs602rt5859_283_b_sl.mp3,"Tape 1, Side B",2,
SC1017_s1_Sears,cx025pr2107_126_a_pm.wav,"Tape 1, Side A",,
,cx025pr2107_126_a_sh.wav,"Tape 1, Side A",,
,cx025pr2107_126_a_sl.mp3,"Tape 1, Side A",1,
,cx025pr2107_126_b_pm.wav,"Tape 1, Side B",,
,cx025pr2107_126_b_sh.wav,"Tape 1, Side B",,
,cx025pr2107_126_b_sl.mp3,"Tape 1, Side B",2,
,cx025pr2107_127_a_pm.wav,"Tape 2, Side A",,
,cx025pr2107_127_a_sh.wav,"Tape 2, Side A",,
,cx025pr2107_127_a_sl.mp3,"Tape 2, Side A",3,
,cx025pr2107_127_b_pm.wav,"Tape 2, Side B",,
,cx025pr2107_127_b_sh.wav,"Tape 2, Side B",,
,cx025pr2107_127_b_sl.mp3,"Tape 2, Side B",4,
,cx025pr2107_128_a_pm.wav,"Tape 3, Side A",,
,cx025pr2107_128_a_sh.wav,"Tape 3, Side A",,
,cx025pr2107_128_a_sl.mp3,"Tape 3, Side A",5,
,cx025pr2107_128_b_pm.wav,"Tape 3, Side B",,
,cx025pr2107_128_b_sh.wav,"Tape 3, Side B",,
,cx025pr2107_128_b_sl.mp3,"Tape 3, Side B",6,
,cx025pr2107_129_a_pm.wav,"Tape 4, Side A",,
,cx025pr2107_129_a_sh.wav,"Tape 4, Side A",,
,cx025pr2107_129_a_sl.mp3,"Tape 4, Side A",7,
,cx025pr2107_129_b_pm.wav,"Tape 4, Side B",,
,cx025pr2107_129_b_sh.wav,"Tape 4, Side B",,
,cx025pr2107_129_b_sl.mp3,"Tape 4, Side B",8,
,cx025pr2107_131_a_pm.wav,"Tape 5, Side A",,
,cx025pr2107_131_a_sh.wav,"Tape 5, Side A",,
,cx025pr2107_131_a_sl.mp3,"Tape 5, Side A",9,
,cx025pr2107_131_b_pm.wav,"Tape 5, Side B",,
,cx025pr2107_131_b_sh.wav,"Tape 5, Side B",,
,cx025pr2107_131_b_sl.mp3,"Tape 5, Side B",10,
,cx025pr2107_132_a_pm.wav,"Tape 6, Side A",,
,cx025pr2107_132_a_sh.wav,"Tape 6, Side A",,
,cx025pr2107_132_a_sl.mp3,"Tape 6, Side A",11,
,cx025pr2107_132_b_pm.wav,"Tape 6, Side B",,
,cx025pr2107_132_b_sh.wav,"Tape 6, Side B",,
,cx025pr2107_132_b_sl.mp3,"Tape 6, Side B",12,
,cx025pr2107_133_a_pm.wav,"Tape 7, Side A",,
,cx025pr2107_133_a_sh.wav,"Tape 7, Side A",,
,cx025pr2107_133_a_sl.mp3,"Tape 7, Side A",13,
,cx025pr2107_133_b_pm.wav,"Tape 7, Side B",,
,cx025pr2107_133_b_sh.wav,"Tape 7, Side B",,
,cx025pr2107_133_b_sl.mp3,"Tape 7, Side B",14,
,cx025pr2107_134_a_pm.wav,"Tape 8, Side A",,
,cx025pr2107_134_a_sh.wav,"Tape 8, Side A",,
,cx025pr2107_134_a_sl.mp3,"Tape 8, Side A",15,
,cx025pr2107_135_a_pm.wav,"Tape 9, Side A",,
,cx025pr2107_135_a_sh.wav,"Tape 9, Side A",,
,cx025pr2107_135_a_sl.mp3,"Tape 9, Side A",16,
,cx025pr2107_135_b_pm.wav,"Tape 9, Side B",,
,cx025pr2107_135_b_sh.wav,"Tape 9, Side B",,
,cx025pr2107_135_b_sl.mp3,"Tape 9, Side B",17,
,cx025pr2107_136_a_pm.wav,"Tape 10, Side A",,
,cx025pr2107_136_a_sh.wav,"Tape 10, Side A",,
,cx025pr2107_136_a_sl.mp3,"Tape 10, Side A",18,
,cx025pr2107_136_b_pm.wav,"Tape 10, Side B",,
,cx025pr2107_136_b_sh.wav,"Tape 10, Side B",,
,cx025pr2107_136_b_sl.mp3,"Tape 10, Side B",19,
SC1017_s5_Crowell,dc309kd2231_209_a_pm.wav,"Tape 1, Side A",,
,dc309kd2231_209_a_sh.wav,"Tape 1, Side A",,
,dc309kd2231_209_a_sl.mp3,"Tape 1, Side A",1,
,dc309kd2231_209_b_pm.wav,"Tape 1, Side B",,
,dc309kd2231_209_b_sh.wav,"Tape 1, Side B",,
,dc309kd2231_209_b_sl.mp3,"Tape 1, Side B",2,
,dc309kd2231_210_a_pm.wav,"Tape 2, Side A",,
,dc309kd2231_210_a_sh.wav,"Tape 2, Side A",,
,dc309kd2231_210_a_sl.mp3,"Tape 2, Side A",3,
SC1017_s1_Warnlof,df327bj2531_193_a_pm.wav,"Tape 1, Side A",,
,df327bj2531_193_a_sh.wav,"Tape 1, Side A",,
,df327bj2531_193_a_sl.mp3,"Tape 1, Side A",1,
,df327bj2531_193_b_pm.wav,"Tape 1, Side B",,
,df327bj2531_193_b_sh.wav,"Tape 1, Side B",,
,df327bj2531_193_b_sl.mp3,"Tape 1, Side B",2,
SC1017_s1_Leu,df687ck6551_103_a_pm.wav,"Tape 1, Side A",,
,df687ck6551_103_a_sh.wav,"Tape 1, Side A",,
,df687ck6551_103_a_sl.mp3,"Tape 1, Side A",1,
,df687ck6551_103_b_pm.wav,"Tape 1, Side B",,
,df687ck6551_103_b_sh.wav,"Tape 1, Side B",,
,df687ck6551_103_b_sl.mp3,"Tape 1, Side B",2,
SC1017_s1_Roth,dm697td8148_124_a_pm.wav,"Tape 1, Side A",,
,dm697td8148_124_a_sh.wav,"Tape 1, Side A",,
,dm697td8148_124_a_sl.mp3,"Tape 1, Side A",1,
,dm697td8148_124_b_pm.wav,"Tape 1, Side B",,
,dm697td8148_124_b_sh.wav,"Tape 1, Side B",,
,dm697td8148_124_b_sl.mp3,"Tape 1, Side B",2,
SC1017_s6_Nunan,dr860mv8688_266_a_pm.wav,"Tape 1, Side A",,
,dr860mv8688_266_a_sh.wav,"Tape 1, Side A",,
,dr860mv8688_266_a_sl.mp3,"Tape 1, Side A",1,
,dr860mv8688_266_b_pm.wav,"Tape 1, Side B",,
,dr860mv8688_266_b_sh.wav,"Tape 1, Side B",,
,dr860mv8688_266_b_sl.mp3,"Tape 1, Side B",2,
,dr860mv8688_267_a_pm.wav,"Tape 2, Side A",,
,dr860mv8688_267_a_sh.wav,"Tape 2, Side A",,
,dr860mv8688_267_a_sl.mp3,"Tape 2, Side A",3,
,dr860mv8688_267_b_pm.wav,"Tape 2, Side B",,
,dr860mv8688_267_b_sh.wav,"Tape 2, Side B",,
,dr860mv8688_267_b_sl.mp3,"Tape 2, Side B",4,
,dr860mv8688_268_a_pm.wav,"Tape 3, Side A",,
,dr860mv8688_268_a_sh.wav,"Tape 3, Side A",,
,dr860mv8688_268_a_sl.mp3,"Tape 3, Side A",5,
,dr860mv8688_268_b_pm.wav,"Tape 3, Side B",,
,dr860mv8688_268_b_sh.wav,"Tape 3, Side B",,
,dr860mv8688_268_b_sl.mp3,"Tape 3, Side B",6,
,dr860mv8688_269_a_pm.wav,"Tape 4, Side A",,
,dr860mv8688_269_a_sh.wav,"Tape 4, Side A",,
,dr860mv8688_269_a_sl.mp3,"Tape 4, Side A",7,
,dr860mv8688_269_b_pm.wav,"Tape 4, Side B",,
,dr860mv8688_269_b_sh.wav,"Tape 4, Side B",,
,dr860mv8688_269_b_sl.mp3,"Tape 4, Side B",8,
SC1017_s1_Bacon_Rosamund,ds835hd2605_13_a_pm.wav,"Tape 1, Side A",,
,ds835hd2605_13_a_sh.wav,"Tape 1, Side A",,
,ds835hd2605_13_a_sl.mp3,"Tape 1, Side A",1,
,ds835hd2605_13_b_pm.wav,"Tape 1, Side B",,
,ds835hd2605_13_b_sh.wav,"Tape 1, Side B",,
,ds835hd2605_13_b_sl.mp3,"Tape 1, Side B",2,
,ds835hd2605_14_a_pm.wav,"Tape 2, Side A",,
,ds835hd2605_14_a_sh.wav,"Tape 2, Side A",,
,ds835hd2605_14_a_sl.mp3,"Tape 2, Side A",3,
SC1017_s1_Brandin,dv559gn8984_24_a_pm.wav,"Tape 1, Side A",,
,dv559gn8984_24_a_sh.wav,"Tape 1, Side A",,
,dv559gn8984_24_a_sl.mp3,"Tape 1, Side A",1,
,dv559gn8984_24_b_pm.wav,"Tape 1, Side B",,
,dv559gn8984_24_b_sh.wav,"Tape 1, Side B",,
,dv559gn8984_24_b_sl.mp3,"Tape 1, Side B",2,
,dv559gn8984_25_a_pm.wav,"Tape 2, Side A",,
,dv559gn8984_25_a_sh.wav,"Tape 2, Side A",,
,dv559gn8984_25_a_sl.mp3,"Tape 2, Side A",3,
,dv559gn8984_25_b_pm.wav,"Tape 2, Side B",,
,dv559gn8984_25_b_sh.wav,"Tape 2, Side B",,
,dv559gn8984_25_b_sl.mp3,"Tape 2, Side B",4,
,dv559gn8984_26_a_pm.wav,"Tape 3, Side A",,
,dv559gn8984_26_a_sh.wav,"Tape 3, Side A",,
,dv559gn8984_26_a_sl.mp3,"Tape 3, Side A",5,
,dv559gn8984_26_b_pm.wav,"Tape 3, Side B",,
,dv559gn8984_26_b_sh.wav,"Tape 3, Side B",,
,dv559gn8984_26_b_sl.mp3,"Tape 3, Side B",6,
,dv559gn8984_27_a_pm.wav,"Tape 4, Side A",,
,dv559gn8984_27_a_sh.wav,"Tape 4, Side A",,
,dv559gn8984_27_a_sl.mp3,"Tape 4, Side A",7,
,dv559gn8984_27_b_pm.wav,"Tape 4, Side B",,
,dv559gn8984_27_b_sh.wav,"Tape 4, Side B",,
,dv559gn8984_27_b_sl.mp3,"Tape 4, Side B",8,
,dv559gn8984_28_a_pm.wav,"Tape 5, Side A",,
,dv559gn8984_28_a_sh.wav,"Tape 5, Side A",,
,dv559gn8984_28_a_sl.mp3,"Tape 5, Side A",9,
,dv559gn8984_28_b_pm.wav,"Tape 5, Side B",,
,dv559gn8984_28_b_sh.wav,"Tape 5, Side B",,
,dv559gn8984_28_b_sl.mp3,"Tape 5, Side B",10,
,dv559gn8984_282_a_pm.wav,"Tape 6, Side A",,
,dv559gn8984_282_a_sh.wav,"Tape 6, Side A",,
,dv559gn8984_282_a_sl.mp3,"Tape 6, Side A",11,
,dv559gn8984_282_b_pm.wav,"Tape 6, Side B",,
,dv559gn8984_282_b_sh.wav,"Tape 6, Side B",,
,dv559gn8984_282_b_sl.mp3,"Tape 6, Side B",12,
SC1017_s5_Edgar,dy131xj1040_212_a_pm.wav,"Tape 1, Side A",,
,dy131xj1040_212_a_sh.wav,"Tape 1, Side A",,
,dy131xj1040_212_a_sl.mp3,"Tape 1, Side A",1,
,dy131xj1040_212_b_pm.wav,"Tape 1, Side B",,
,dy131xj1040_212_b_sh.wav,"Tape 1, Side B",,
,dy131xj1040_212_b_sl.mp3,"Tape 1, Side B",2,
SC1017_s3_Harwood,fp464wj3586_175_a_pm.wav,"Tape 1, Side A",,
,fp464wj3586_175_a_sh.wav,"Tape 1, Side A",,
,fp464wj3586_175_a_sl.mp3,"Tape 1, Side A",1,
SC1017_s1_Jacobson,fp605js5398_80_a_p1_pm.wav,"Tape 1, Side A",,
,fp605js5398_80_a_p2_pm.wav,"Tape 1, Side A",,
,fp605js5398_80_a_pm.wav,"Tape 1, Side A",,
,fp605js5398_80_a_sh.wav,"Tape 1, Side A",,
,fp605js5398_80_a_sl.mp3,"Tape 1, Side A",1,
,fp605js5398_80_b_p1_pm.wav,"Tape 1, Side B",,
,fp605js5398_80_b_p2_pm.wav,"Tape 1, Side B",,
,fp605js5398_80_b_pm.wav,"Tape 1, Side B",,
,fp605js5398_80_b_sh.wav,"Tape 1, Side B",,
,fp605js5398_80_b_sl.mp3,"Tape 1, Side B",2,
,fp605js5398_81_a_p1_pm.wav,"Tape 2, Side A",,
,fp605js5398_81_a_p2_pm.wav,"Tape 2, Side A",,
,fp605js5398_81_a_pm.wav,"Tape 2, Side A",,
,fp605js5398_81_a_sh.wav,"Tape 2, Side A",,
,fp605js5398_81_a_sl.mp3,"Tape 2, Side A",3,
,fp605js5398_81_b_pm.wav,"Tape 2, Side B",,
,fp605js5398_81_b_sh.wav,"Tape 2, Side B",,
,fp605js5398_81_b_sl.mp3,"Tape 2, Side B",4,
SC1017_s1_Guthrie,fr537mg9514_68_a_pm.wav,"Tape 1, Side A",,
,fr537mg9514_68_a_sh.wav,"Tape 1, Side A",,
,fr537mg9514_68_a_sl.mp3,"Tape 1, Side A",1,
,fr537mg9514_68_b_pm.wav,"Tape 1, Side B",,
,fr537mg9514_68_b_sh.wav,"Tape 1, Side B",,
,fr537mg9514_68_b_sl.mp3,"Tape 1, Side B",2,
,fr537mg9514_69_a_pm.wav,"Tape 2, Side A",,
,fr537mg9514_69_a_sh.wav,"Tape 2, Side A",,
,fr537mg9514_69_a_sl.mp3,"Tape 2, Side A",3,
,fr537mg9514_69_b_pm.wav,"Tape 2, Side B",,
,fr537mg9514_69_b_sh.wav,"Tape 2, Side B",,
,fr537mg9514_69_b_sl.mp3,"Tape 2, Side B",4,
SC1017_s1_Bailey,gd137zh7596_15_a_pm.wav,"Tape 1, Side A",,
,gd137zh7596_15_a_sh.wav,"Tape 1, Side A",,
,gd137zh7596_15_a_sl.mp3,"Tape 1, Side A",1,
,gd137zh7596_15_b_pm.wav,"Tape 1, Side B",,
,gd137zh7596_15_b_sh.wav,"Tape 1, Side B",,
,gd137zh7596_15_b_sl.mp3,"Tape 1, Side B",2,
,gd137zh7596_16_a_pm.wav,"Tape 2, Side A",,
,gd137zh7596_16_a_sh.wav,"Tape 2, Side A",,
,gd137zh7596_16_a_sl.mp3,"Tape 2, Side A",3,
SC1017_s4_HÃ¤nsch,gf484jb0450_199_a_pm.wav,"Tape 1, Side A",,
,gf484jb0450_199_a_sh.wav,"Tape 1, Side A",,
,gf484jb0450_199_a_sl.mp3,"Tape 1, Side A",1,
,gf484jb0450_199_b_pm.wav,"Tape 1, Side B",,
,gf484jb0450_199_b_sh.wav,"Tape 1, Side B",,
,gf484jb0450_199_b_sl.mp3,"Tape 1, Side B",2,
SC1017_s1_Rosenzweig,gh039fs1531_118_a_pm.wav,"Tape 1, Side A",,
,gh039fs1531_118_a_sh.wav,"Tape 1, Side A",,
,gh039fs1531_118_a_sl.mp3,"Tape 1, Side A",1,
,gh039fs1531_118_b_pm.wav,"Tape 1, Side B",,
,gh039fs1531_118_b_sh.wav,"Tape 1, Side B",,
,gh039fs1531_118_b_sl.mp3,"Tape 1, Side B",2,
,gh039fs1531_119_a_pm.wav,"Tape 2, Side A",,
,gh039fs1531_119_a_sh.wav,"Tape 2, Side A",,
,gh039fs1531_119_a_sl.mp3,"Tape 2, Side A",3,
,gh039fs1531_120_a_pm.wav,"Tape 3, Side A",,
,gh039fs1531_120_a_sh.wav,"Tape 3, Side A",,
,gh039fs1531_120_a_sl.mp3,"Tape 3, Side A",4,
,gh039fs1531_120_b_pm.wav,"Tape 3, Side B",,
,gh039fs1531_120_b_sh.wav,"Tape 3, Side B",,
,gh039fs1531_120_b_sl.mp3,"Tape 3, Side B",5,
,gh039fs1531_121_a_pm.wav,"Tape 4, Side A",,
,gh039fs1531_121_a_sh.wav,"Tape 4, Side A",,
,gh039fs1531_121_a_sl.mp3,"Tape 4, Side A",6,
,gh039fs1531_121_b_pm.wav,"Tape 4, Side B",,
,gh039fs1531_121_b_sh.wav,"Tape 4, Side B",,
,gh039fs1531_121_b_sl.mp3,"Tape 4, Side B",7,
,gh039fs1531_122_a_pm.wav,"Tape 5, Side A",,
,gh039fs1531_122_a_sh.wav,"Tape 5, Side A",,
,gh039fs1531_122_a_sl.mp3,"Tape 5, Side A",8,
SC1017_s5_Howard,gk128tg7569_215_a_pm.wav,"Tape 1, Side A",,
,gk128tg7569_215_a_sh.wav,"Tape 1, Side A",,
,gk128tg7569_215_a_sl.mp3,"Tape 1, Side A",1,
SC1017_s1_Wiggins,gk331ym6149_147_a_pm.wav,"Tape 1, Side A",,
,gk331ym6149_147_a_sh.wav,"Tape 1, Side A",,
,gk331ym6149_147_a_sl.mp3,"Tape 1, Side A",1,
,gk331ym6149_147_b_pm.wav,"Tape 1, Side B",,
,gk331ym6149_147_b_sh.wav,"Tape 1, Side B",,
,gk331ym6149_147_b_sl.mp3,"Tape 1, Side B",2,
,gk331ym6149_148_a_pm.wav,"Tape 2, Side A",,
,gk331ym6149_148_a_sh.wav,"Tape 2, Side A",,
,gk331ym6149_148_a_sl.mp3,"Tape 2, Side A",3,
,gk331ym6149_148_b_pm.wav,"Tape 2, Side B",,
,gk331ym6149_148_b_sh.wav,"Tape 2, Side B",,
,gk331ym6149_148_b_sl.mp3,"Tape 2, Side B",4,
SC1017_s1_Norman,gn803fr3132_184_a_pm.wav,"Tape 1, Side A",,
,gn803fr3132_184_a_sh.wav,"Tape 1, Side A",,
,gn803fr3132_184_a_sl.mp3,"Tape 1, Side A",1,
SC1017_s1_Cline,gs097wb5708_170_a_pm.wav,"Tape 1, Side A",,
,gs097wb5708_170_a_sh.wav,"Tape 1, Side A",,
,gs097wb5708_170_a_sl.mp3,"Tape 1, Side A",1,
,gs097wb5708_170_b_pm.wav,"Tape 1, Side B",,
,gs097wb5708_170_b_sh.wav,"Tape 1, Side B",,
,gs097wb5708_170_b_sl.mp3,"Tape 1, Side B",2,
SC1017_s6_Packard,gz164cj5787_244_a_pm.wav,"Tape 1, Side A",,
,gz164cj5787_244_a_sh.wav,"Tape 1, Side A",,
,gz164cj5787_244_a_sl.mp3,"Tape 1, Side A",1,
,gz164cj5787_244_b_pm.wav,"Tape 1, Side B",,
,gz164cj5787_244_b_sh.wav,"Tape 1, Side B",,
,gz164cj5787_244_b_sl.mp3,"Tape 1, Side B",2,
,gz164cj5787_245_a_pm.wav,"Tape 2, Side A",,
,gz164cj5787_245_a_sh.wav,"Tape 2, Side A",,
,gz164cj5787_245_a_sl.mp3,"Tape 2, Side A",3,
,gz164cj5787_245_b_pm.wav,"Tape 2, Side B",,
,gz164cj5787_245_b_sh.wav,"Tape 2, Side B",,
,gz164cj5787_245_b_sl.mp3,"Tape 2, Side B",4,
,gz164cj5787_246_a_pm.wav,"Tape 3, Side A",,
,gz164cj5787_246_a_sh.wav,"Tape 3, Side A",,
,gz164cj5787_246_a_sl.mp3,"Tape 3, Side A",5,
,gz164cj5787_246_b_pm.wav,"Tape 3, Side B",,
,gz164cj5787_246_b_sh.wav,"Tape 3, Side B",,
,gz164cj5787_246_b_sl.mp3,"Tape 3, Side B",6,
,gz164cj5787_247_a_pm.wav,"Tape 4, Side A",,
,gz164cj5787_247_a_sh.wav,"Tape 4, Side A",,
,gz164cj5787_247_a_sl.mp3,"Tape 4, Side A",7,
,gz164cj5787_247_b_pm.wav,"Tape 4, Side B",,
,gz164cj5787_247_b_sh.wav,"Tape 4, Side B",,
,gz164cj5787_247_b_sl.mp3,"Tape 4, Side B",8,
,gz164cj5787_248_a_pm.wav,"Tape 5, Side A",,
,gz164cj5787_248_a_sh.wav,"Tape 5, Side A",,
,gz164cj5787_248_a_sl.mp3,"Tape 5, Side A",9,
,gz164cj5787_248_b_pm.wav,"Tape 5, Side B",,
,gz164cj5787_248_b_sh.wav,"Tape 5, Side B",,
,gz164cj5787_248_b_sl.mp3,"Tape 5, Side B",10,
,gz164cj5787_249_a_pm.wav,"Tape 6, Side A",,
,gz164cj5787_249_a_sh.wav,"Tape 6, Side A",,
,gz164cj5787_249_a_sl.mp3,"Tape 6, Side A",11,
,gz164cj5787_249_b_pm.wav,"Tape 6, Side B",,
,gz164cj5787_249_b_sh.wav,"Tape 6, Side B",,
,gz164cj5787_249_b_sl.mp3,"Tape 6, Side B",12,
,gz164cj5787_250_a_pm.wav,"Tape 7, Side A",,
,gz164cj5787_250_a_sh.wav,"Tape 7, Side A",,
,gz164cj5787_250_a_sl.mp3,"Tape 7, Side A",13,
,gz164cj5787_250_b_pm.wav,"Tape 7, Side B",,
,gz164cj5787_250_b_sh.wav,"Tape 7, Side B",,
,gz164cj5787_250_b_sl.mp3,"Tape 7, Side B",14,
,gz164cj5787_251_a_pm.wav,"Tape 8, Side A",,
,gz164cj5787_251_a_sh.wav,"Tape 8, Side A",,
,gz164cj5787_251_a_sl.mp3,"Tape 8, Side A",15,
,gz164cj5787_251_b_pm.wav,"Tape 8, Side B",,
,gz164cj5787_251_b_sh.wav,"Tape 8, Side B",,
,gz164cj5787_251_b_sl.mp3,"Tape 8, Side B",16,
SC1017_s5_Hawes,gz557qn0765_214_a_pm.wav,"Tape 1, Side A",,
,gz557qn0765_214_a_sh.wav,"Tape 1, Side A",,
,gz557qn0765_214_a_sl.mp3,"Tape 1, Side A",1,
,gz557qn0765_214_b_pm.wav,"Tape 1, Side B",,
,gz557qn0765_214_b_sh.wav,"Tape 1, Side B",,
,gz557qn0765_214_b_sl.mp3,"Tape 1, Side B",2,
SC1017_s1_Stolz,hd281df9582_141_a_pm.wav,"Tape 1, Side A",,
,hd281df9582_141_a_sh.wav,"Tape 1, Side A",,
,hd281df9582_141_a_sl.mp3,"Tape 1, Side A",1,
,hd281df9582_141_b_pm.wav,"Tape 1, Side B",,
,hd281df9582_141_b_sh.wav,"Tape 1, Side B",,
,hd281df9582_141_b_sl.mp3,"Tape 1, Side B",2,
,hd281df9582_142_a_pm.wav,"Tape 2, Side A",,
,hd281df9582_142_a_sh.wav,"Tape 2, Side A",,
,hd281df9582_142_a_sl.mp3,"Tape 2, Side A",3,
,hd281df9582_142_b_pm.wav,"Tape 2, Side B",,
,hd281df9582_142_b_sh.wav,"Tape 2, Side B",,
,hd281df9582_142_b_sl.mp3,"Tape 2, Side B",4,
,hd281df9582_262_a_pm.wav,"Tape 3, Side A",,
,hd281df9582_262_a_sh.wav,"Tape 3, Side A",,
,hd281df9582_262_a_sl.mp3,"Tape 3, Side A",5,
,hd281df9582_262_b_pm.wav,"Tape 3, Side B",,
,hd281df9582_262_b_sh.wav,"Tape 3, Side B",,
,hd281df9582_262_b_sl.mp3,"Tape 3, Side B",6,
,hd281df9582_263_a_pm.wav,"Tape 4, Side A",,
,hd281df9582_263_a_sh.wav,"Tape 4, Side A",,
,hd281df9582_263_a_sl.mp3,"Tape 4, Side A",7,
SC1017_s4_Bancroft,hf313bb8904_159_a_pm.wav,"Tape 1, Side A",,
,hf313bb8904_159_a_sh.wav,"Tape 1, Side A",,
,hf313bb8904_159_a_sl.mp3,"Tape 1, Side A",1,
,hf313bb8904_159_b_pm.wav,"Tape 1, Side B",,
,hf313bb8904_159_b_sh.wav,"Tape 1, Side B",,
,hf313bb8904_159_b_sl.mp3,"Tape 1, Side B",2,
,hf313bb8904_160_a_pm.wav,"Tape 2, Side A",,
,hf313bb8904_160_a_sh.wav,"Tape 2, Side A",,
,hf313bb8904_160_a_sl.mp3,"Tape 2, Side A",3,
,hf313bb8904_160_b_pm.wav,"Tape 2, Side B",,
,hf313bb8904_160_b_sh.wav,"Tape 2, Side B",,
,hf313bb8904_160_b_sl.mp3,"Tape 2, Side B",4,
SC1017_s1_Ashley,hf399bc9522_11_a_pm.wav,"Tape 1, Side A",,
,hf399bc9522_11_a_sh.wav,"Tape 1, Side A",,
,hf399bc9522_11_a_sl.mp3,"Tape 1, Side A",1,
,hf399bc9522_12_a_pm.wav,"Tape 2, Side A",,
,hf399bc9522_12_a_sh.wav,"Tape 2, Side A",,
,hf399bc9522_12_a_sl.mp3,"Tape 2, Side A",2,
,hf399bc9522_12_b_pm.wav,"Tape 2, Side B",,
,hf399bc9522_12_b_sh.wav,"Tape 2, Side B",,
,hf399bc9522_12_b_sl.mp3,"Tape 2, Side B",3,
SC1017_ s4_Hobart,hn397rv2864_200_a_pm.wav,"Tape 1, Side A",,
,hn397rv2864_200_a_sh.wav,"Tape 1, Side A",,
,hn397rv2864_200_a_sl.mp3,"Tape 1, Side A",1,
,hn397rv2864_200_b_pm.wav,"Tape 1, Side B",,
,hn397rv2864_200_b_sh.wav,"Tape 1, Side B",,
,hn397rv2864_200_b_sl.mp3,"Tape 1, Side B",2,
,hn397rv2864_201_a_pm.wav,"Tape 2, Side A",,
,hn397rv2864_201_a_sh.wav,"Tape 2, Side A",,
,hn397rv2864_201_a_sl.mp3,"Tape 2, Side A",3,
SC1017_s4_Goldsborough,hn857wq9391_198_a_pm.wav,"Tape 1, Side A",,
,hn857wq9391_198_a_sh.wav,"Tape 1, Side A",,
,hn857wq9391_198_a_sl.mp3,"Tape 1, Side A",1,
,hn857wq9391_198_b_pm.wav,"Tape 1, Side B",,
,hn857wq9391_198_b_sh.wav,"Tape 1, Side B",,
,hn857wq9391_198_b_sl.mp3,"Tape 1, Side B",2,
SC1017_s3_Roesler,hq794xv9713_187_a_pm.wav,"Tape 1, Side A",,
,hq794xv9713_187_a_sh.wav,"Tape 1, Side A",,
,hq794xv9713_187_a_sl.mp3,"Tape 1, Side A",1,
SC1017_s4_Schawlow,hw355qs7126_204_a_pm.wav,"Tape 1, Side A",,
,hw355qs7126_204_a_sh.wav,"Tape 1, Side A",,
,hw355qs7126_204_a_sl.mp3,"Tape 1, Side A",1,
,hw355qs7126_204_b_pm.wav,"Tape 1, Side B",,
,hw355qs7126_204_b_sh.wav,"Tape 1, Side B",,
,hw355qs7126_204_b_sl.mp3,"Tape 1, Side B",2,
,hw355qs7126_205_a_pm.wav,"Tape 2, Side A",,
,hw355qs7126_205_a_sh.wav,"Tape 2, Side A",,
,hw355qs7126_205_a_sl.mp3,"Tape 2, Side A",3,
,hw355qs7126_205_b_pm.wav,"Tape 2, Side B",,
,hw355qs7126_205_b_sh.wav,"Tape 2, Side B",,
,hw355qs7126_205_b_sl.mp3,"Tape 2, Side B",4,
SC1017_s3_Krebs,hw671yr3359_180_a_pm.wav,"Tape 1, Side A",,
,hw671yr3359_180_a_sh.wav,"Tape 1, Side A",,
,hw671yr3359_180_a_sl.mp3,"Tape 1, Side A",1,
,hw671yr3359_180_b_pm.wav,"Tape 1, Side B",,
,hw671yr3359_180_b_sh.wav,"Tape 1, Side B",,
,hw671yr3359_180_b_sl.mp3,"Tape 1, Side B",2,
SC1017_s2_Smith,hz194xs1858_123_a_pm.wav,"Tape 1, Side A",,
,hz194xs1858_123_a_sh.wav,"Tape 1, Side A",,
,hz194xs1858_123_a_sl.mp3,"Tape 1, Side A",1,
,hz194xs1858_123_b_pm.wav,"Tape 1, Side B",,
,hz194xs1858_123_b_sh.wav,"Tape 1, Side B",,
,hz194xs1858_123_b_sl.mp3,"Tape 1, Side B",2,
,hz194xs1858_165_a_pm.wav,"Tape 2, Side A",,
,hz194xs1858_165_a_sh.wav,"Tape 2, Side A",,
,hz194xs1858_165_a_sl.mp3,"Tape 2, Side A",3,
,hz194xs1858_165_b_pm.wav,"Tape 2, Side B",,
,hz194xs1858_165_b_sh.wav,"Tape 2, Side B",,
,hz194xs1858_165_b_sl.mp3,"Tape 2, Side B",4,
SC1017_ s1_Purdy,jb759xm2162_278_a_pm.wav,"Tape 1, Side A",,
,jb759xm2162_278_a_sh.wav,"Tape 1, Side A",,
,jb759xm2162_278_a_sl.mp3,"Tape 1, Side A",1,
,jb759xm2162_278_b_pm.wav,"Tape 1, Side B",,
,jb759xm2162_278_b_sh.wav,"Tape 1, Side B",,
,jb759xm2162_278_b_sl.mp3,"Tape 1, Side B",2,
SC1017_s1_Crosten,jg073zf1374_43_a_pm.wav,"Tape 1, Side A",,
,jg073zf1374_43_a_sh.wav,"Tape 1, Side A",,
,jg073zf1374_43_a_sl.mp3,"Tape 1, Side A",1,
,jg073zf1374_43_b_pm.wav,"Tape 1, Side B",,
,jg073zf1374_43_b_sh.wav,"Tape 1, Side B",,
,jg073zf1374_43_b_sl.mp3,"Tape 1, Side B",2,
,jg073zf1374_44_a_pm.wav,"Tape 2, Side A",,
,jg073zf1374_44_a_sh.wav,"Tape 2, Side A",,
,jg073zf1374_44_a_sl.mp3,"Tape 2, Side A",3,
,jg073zf1374_44_b_pm.wav,"Tape 2, Side B",,
,jg073zf1374_44_b_sh.wav,"Tape 2, Side B",,
,jg073zf1374_44_b_sl.mp3,"Tape 2, Side B",4,
,jg073zf1374_45_a_pm.wav,"Tape 3, Side A",,
,jg073zf1374_45_a_sh.wav,"Tape 3, Side A",,
,jg073zf1374_45_a_sl.mp3,"Tape 3, Side A",5,
,jg073zf1374_46_a_pm.wav,"Tape 4, Side A",,
,jg073zf1374_46_a_sh.wav,"Tape 4, Side A",,
,jg073zf1374_46_a_sl.mp3,"Tape 4, Side A",6,
,jg073zf1374_46_b_pm.wav,"Tape 4, Side B",,
,jg073zf1374_46_b_sh.wav,"Tape 4, Side B",,
,jg073zf1374_46_b_sl.mp3,"Tape 4, Side B",7,
,jg073zf1374_47_a_pm.wav,"Tape 5, Side A",,
,jg073zf1374_47_a_sh.wav,"Tape 5, Side A",,
,jg073zf1374_47_a_sl.mp3,"Tape 5, Side A",8,
SC1017_s5_Denard,jg774qq0392_211_a_pm.wav,"Tape 1, Side A",,
,jg774qq0392_211_a_sh.wav,"Tape 1, Side A",,
,jg774qq0392_211_a_sl.mp3,"Tape 1, Side A",1,
SC1017_s1_Lyman,jj027rv0873_284_a_pm.wav,"Tape 1, Side A",,
,jj027rv0873_284_a_sh.wav,"Tape 1, Side A",,
,jj027rv0873_284_a_sl.mp3,"Tape 1, Side A",1,
,jj027rv0873_284_b_pm.wav,"Tape 1, Side B",,
,jj027rv0873_284_b_sh.wav,"Tape 1, Side B",,
,jj027rv0873_284_b_sl.mp3,"Tape 1, Side B",2,
,jj027rv0873_285_a_pm.wav,"Tape 2, Side A",,
,jj027rv0873_285_a_sh.wav,"Tape 2, Side A",,
,jj027rv0873_285_a_sl.mp3,"Tape 2, Side A",3,
,jj027rv0873_285_b_pm.wav,"Tape 2, Side B",,
,jj027rv0873_285_b_sh.wav,"Tape 2, Side B",,
,jj027rv0873_285_b_sl.mp3,"Tape 2, Side B",4,
,jj027rv0873_286_a_pm.wav,"Tape 3, Side A",,
,jj027rv0873_286_a_sh.wav,"Tape 3, Side A",,
,jj027rv0873_286_a_sl.mp3,"Tape 3, Side A",5,
,jj027rv0873_286_b_pm.wav,"Tape 3, Side B",,
,jj027rv0873_286_b_sh.wav,"Tape 3, Side B",,
,jj027rv0873_286_b_sl.mp3,"Tape 3, Side B",6,
,jj027rv0873_287_a_pm.wav,"Tape 4, Side A",,
,jj027rv0873_287_a_sh.wav,"Tape 4, Side A",,
,jj027rv0873_287_a_sl.mp3,"Tape 4, Side A",7,
,jj027rv0873_287_b_pm.wav,"Tape 4, Side B",,
,jj027rv0873_287_b_sh.wav,"Tape 4, Side B",,
,jj027rv0873_287_b_sl.mp3,"Tape 4, Side B",8,
,jj027rv0873_288_a_pm.wav,"Tape 5, Side A",,
,jj027rv0873_288_a_sh.wav,"Tape 5, Side A",,
,jj027rv0873_288_a_sl.mp3,"Tape 5, Side A",9,
,jj027rv0873_288_b_pm.wav,"Tape 5, Side B",,
,jj027rv0873_288_b_sh.wav,"Tape 5, Side B",,
,jj027rv0873_288_b_sl.mp3,"Tape 5, Side B",10,
,jj027rv0873_289_a_pm.wav,"Tape 6, Side A",,
,jj027rv0873_289_a_sh.wav,"Tape 6, Side A",,
,jj027rv0873_289_a_sl.mp3,"Tape 6, Side A",11,
,jj027rv0873_289_b_pm.wav,"Tape 6, Side B",,
,jj027rv0873_289_b_sh.wav,"Tape 6, Side B",,
,jj027rv0873_289_b_sl.mp3,"Tape 6, Side B",12,
SC1017_s1_Freeman,jj239hz2493_61_a_pm.wav,"Tape 1, Side A",,
,jj239hz2493_61_a_sh.wav,"Tape 1, Side A",,
,jj239hz2493_61_a_sl.mp3,"Tape 1, Side A",1,
,jj239hz2493_61_b_pm.wav,"Tape 1, Side B",,
,jj239hz2493_61_b_sh.wav,"Tape 1, Side B",,
,jj239hz2493_61_b_sl.mp3,"Tape 1, Side B",2,
,jj239hz2493_62_a_pm.wav,"Tape 2, Side A",,
,jj239hz2493_62_a_sh.wav,"Tape 2, Side A",,
,jj239hz2493_62_a_sl.mp3,"Tape 2, Side A",3,
SC1017_s3_Qualls,jj719sy1774_188_a_pm.wav,"Tape 1, Side A",,
,jj719sy1774_188_a_sh.wav,"Tape 1, Side A",,
,jj719sy1774_188_a_sl.mp3,"Tape 1, Side A",1,
,jj719sy1774_188_b_pm.wav,"Tape 1, Side B",,
,jj719sy1774_188_b_sh.wav,"Tape 1, Side B",,
,jj719sy1774_188_b_sl.mp3,"Tape 1, Side B",2,
SC1017_s1_Angell,jm139rc3489_9_a_pm.wav,"Tape 1, Side A",,
,jm139rc3489_9_a_sh.wav,"Tape 1, Side A",,
,jm139rc3489_9_a_sl.mp3,"Tape 1, Side A",1,
,jm139rc3489_9_b_pm.wav,"Tape 1, Side B",,
,jm139rc3489_9_b_sh.wav,"Tape 1, Side B",,
,jm139rc3489_9_b_sl.mp3,"Tape 1, Side B",2,
,jm139rc3489_10_a_pm.wav,"Tape 2, Side A",,
,jm139rc3489_10_a_sh.wav,"Tape 2, Side A",,
,jm139rc3489_10_a_sl.mp3,"Tape 2, Side A",3,
SC1017_s1_Sterling,jr535qx4550_139_a_pm.wav,"Tape 1, Side A",,
,jr535qx4550_139_a_sh.wav,"Tape 1, Side A",,
,jr535qx4550_139_a_sl.mp3,"Tape 1, Side A",1,
,jr535qx4550_139_b_pm.wav,"Tape 1, Side B",,
,jr535qx4550_139_b_sh.wav,"Tape 1, Side B",,
,jr535qx4550_139_b_sl.mp3,"Tape 1, Side B",2,
,jr535qx4550_140_a_pm.wav,"Tape 2, Side A",,
,jr535qx4550_140_a_sh.wav,"Tape 2, Side A",,
,jr535qx4550_140_a_sl.mp3,"Tape 2, Side A",3,
,jr535qx4550_140_b_pm.wav,"Tape 2, Side B",,
,jr535qx4550_140_b_sh.wav,"Tape 2, Side B",,
,jr535qx4550_140_b_sl.mp3,"Tape 2, Side B",4,
,jr535qx4550_252_a_pm.wav,"Tape 3, Side A",,
,jr535qx4550_252_a_sh.wav,"Tape 3, Side A",,
,jr535qx4550_252_a_sl.mp3,"Tape 3, Side A",5,
,jr535qx4550_252_b_pm.wav,"Tape 3, Side B",,
,jr535qx4550_252_b_sh.wav,"Tape 3, Side B",,
,jr535qx4550_252_b_sl.mp3,"Tape 3, Side B",6,
,jr535qx4550_253_a_pm.wav,"Tape 4, Side A",,
,jr535qx4550_253_a_sh.wav,"Tape 4, Side A",,
,jr535qx4550_253_a_sl.mp3,"Tape 4, Side A",7,
,jr535qx4550_254_a_pm.wav,"Tape 5, Side A",,
,jr535qx4550_254_a_sh.wav,"Tape 5, Side A",,
,jr535qx4550_254_a_sl.mp3,"Tape 5, Side A",8,
,jr535qx4550_254_b_pm.wav,"Tape 5, Side B",,
,jr535qx4550_254_b_sh.wav,"Tape 5, Side B",,
,jr535qx4550_254_b_sl.mp3,"Tape 5, Side B",9,
,jr535qx4550_255_a_pm.wav,"Tape 6, Side A",,
,jr535qx4550_255_a_sh.wav,"Tape 6, Side A",,
,jr535qx4550_255_a_sl.mp3,"Tape 6, Side A",10,
,jr535qx4550_256_a_pm.wav,"Tape 7, Side A",,
,jr535qx4550_256_a_sh.wav,"Tape 7, Side A",,
,jr535qx4550_256_a_sl.mp3,"Tape 7, Side A",11,
,jr535qx4550_256_b_pm.wav,"Tape 7, Side B",,
,jr535qx4550_256_b_sh.wav,"Tape 7, Side B",,
,jr535qx4550_256_b_sl.mp3,"Tape 7, Side B",12,
,jr535qx4550_257_a_pm.wav,"Tape 8, Side A",,
,jr535qx4550_257_a_sh.wav,"Tape 8, Side A",,
,jr535qx4550_257_a_sl.mp3,"Tape 8, Side A",13,
,jr535qx4550_258_a_pm.wav,"Tape 9, Side A",,
,jr535qx4550_258_a_sh.wav,"Tape 9, Side A",,
,jr535qx4550_258_a_sl.mp3,"Tape 9, Side A",14,
,jr535qx4550_258_b_pm.wav,"Tape 9, Side B",,
,jr535qx4550_258_b_sh.wav,"Tape 9, Side B",,
,jr535qx4550_258_b_sl.mp3,"Tape 9, Side B",15,
,jr535qx4550_259_a_pm.wav,"Tape 10, Side A",,
,jr535qx4550_259_a_sh.wav,"Tape 10, Side A",,
,jr535qx4550_259_a_sl.mp3,"Tape 10, Side A",16,
,jr535qx4550_259_b_pm.wav,"Tape 10, Side B",,
,jr535qx4550_259_b_sh.wav,"Tape 10, Side B",,
,jr535qx4550_259_b_sl.mp3,"Tape 10, Side B",17,
,jr535qx4550_260_a_pm.wav,"Tape 11, Side A",,
,jr535qx4550_260_a_sh.wav,"Tape 11, Side A",,
,jr535qx4550_260_a_sl.mp3,"Tape 11, Side A",18,
,jr535qx4550_261_a_pm.wav,"Tape 12, Side A",,
,jr535qx4550_261_a_sh.wav,"Tape 12, Side A",,
,jr535qx4550_261_a_sl.mp3,"Tape 12, Side A",19,
,jr535qx4550_261_b_pm.wav,"Tape 12, Side B",,
,jr535qx4550_261_b_sh.wav,"Tape 12, Side B",,
,jr535qx4550_261_b_sl.mp3,"Tape 12, Side B",20,
SC1017_s3_Proctor,kb367xf0415_186_a_pm.wav,"Tape 1, Side A",,
,kb367xf0415_186_a_sh.wav,"Tape 1, Side A",,
,kb367xf0415_186_a_sl.mp3,"Tape 1, Side A",1,
,kb367xf0415_186_b_pm.wav,"Tape 1, Side B",,
,kb367xf0415_186_b_sh.wav,"Tape 1, Side B",,
,kb367xf0415_186_b_sl.mp3,"Tape 1, Side B",2,
SC1017_s1_Dodds,kc168hs2114_51_a_pm.wav,"Tape 1, Side A",,
,kc168hs2114_51_a_sh.wav,"Tape 1, Side A",,
,kc168hs2114_51_a_sl.mp3,"Tape 1, Side A",1,
,kc168hs2114_51_b_pm.wav,"Tape 1, Side B",,
,kc168hs2114_51_b_sh.wav,"Tape 1, Side B",,
,kc168hs2114_51_b_sl.mp3,"Tape 1, Side B",2,
,kc168hs2114_52_a_pm.wav,"Tape 2, Side A",,
,kc168hs2114_52_a_sh.wav,"Tape 2, Side A",,
,kc168hs2114_52_a_sl.mp3,"Tape 2, Side A",3,
,kc168hs2114_52_b_pm.wav,"Tape 2, Side B",,
,kc168hs2114_52_b_sh.wav,"Tape 2, Side B",,
,kc168hs2114_52_b_sl.mp3,"Tape 2, Side B",4,
,kc168hs2114_53_a_pm.wav,"Tape 3, Side A",,
,kc168hs2114_53_a_sh.wav,"Tape 3, Side A",,
,kc168hs2114_53_a_sl.mp3,"Tape 3, Side A",5,
,kc168hs2114_53_b_pm.wav,"Tape 3, Side B",,
,kc168hs2114_53_b_sh.wav,"Tape 3, Side B",,
,kc168hs2114_53_b_sl.mp3,"Tape 3, Side B",6,
SC1017_ s3_Spaeth,kg708xb5296_191_a_pm.wav,"Tape 1, Side A",,
,kg708xb5296_191_a_sh.wav,"Tape 1, Side A",,
,kg708xb5296_191_a_sl.mp3,"Tape 1, Side A",1,
,kg708xb5296_191_b_pm.wav,"Tape 1, Side B",,
,kg708xb5296_191_b_sh.wav,"Tape 1, Side B",,
,kg708xb5296_191_b_sl.mp3,"Tape 1, Side B",2,
SC1017_s1_Whitaker,kh986qj9591_145_a_pm.wav,"Tape 1, Side A",,
,kh986qj9591_145_a_sh.wav,"Tape 1, Side A",,
,kh986qj9591_145_a_sl.mp3,"Tape 1, Side A",1,
,kh986qj9591_145_b_pm.wav,"Tape 1, Side B",,
,kh986qj9591_145_b_sh.wav,"Tape 1, Side B",,
,kh986qj9591_145_b_sl.mp3,"Tape 1, Side B",2,
,kh986qj9591_146_a_pm.wav,"Tape 2, Side A",,
,kh986qj9591_146_a_sh.wav,"Tape 2, Side A",,
,kh986qj9591_146_a_sl.mp3,"Tape 2, Side A",3,
,kh986qj9591_146_b_pm.wav,"Tape 2, Side B",,
,kh986qj9591_146_b_sh.wav,"Tape 2, Side B",,
,kh986qj9591_146_b_sl.mp3,"Tape 2, Side B",4,
SC1017_s1_Boyd,kk054hk3325_23_a_pm.wav,"Tape 1, Side A",,
,kk054hk3325_23_a_sh.wav,"Tape 1, Side A",,
,kk054hk3325_23_a_sl.mp3,"Tape 1, Side A",1,
,kk054hk3325_23_b_pm.wav,"Tape 1, Side B",,
,kk054hk3325_23_b_sh.wav,"Tape 1, Side B",,
,kk054hk3325_23_b_sl.mp3,"Tape 1, Side B",2,
SC1017_ s3_Rusmore,km409bn6882_189_a_pm.wav,"Tape 1, Side A",,
,km409bn6882_189_a_sh.wav,"Tape 1, Side A",,
,km409bn6882_189_a_sl.mp3,"Tape 1, Side A",1,
,km409bn6882_189_b_pm.wav,"Tape 1, Side B",,
,km409bn6882_189_b_sh.wav,"Tape 1, Side B",,
,km409bn6882_189_b_sl.mp3,"Tape 1, Side B",2,
SC1017_ s6_Ginzton,md951vt4966_237_a_pm.wav,"Tape 1, Side A",,
,md951vt4966_237_a_sh.wav,"Tape 1, Side A",,
,md951vt4966_237_a_sl.mp3,"Tape 1, Side A",1,
,md951vt4966_237_b_pm.wav,"Tape 1, Side B",,
,md951vt4966_237_b_sh.wav,"Tape 1, Side B",,
,md951vt4966_237_b_sl.mp3,"Tape 1, Side B",2,
,md951vt4966_238_a_pm.wav,"Tape 2, Side A",,
,md951vt4966_238_a_sh.wav,"Tape 2, Side A",,
,md951vt4966_238_a_sl.mp3,"Tape 2, Side A",3,
,md951vt4966_238_b_pm.wav,"Tape 2, Side B",,
,md951vt4966_238_b_sh.wav,"Tape 2, Side B",,
,md951vt4966_238_b_sl.mp3,"Tape 2, Side B",4,
,md951vt4966_239_a_pm.wav,"Tape 3, Side A",,
,md951vt4966_239_a_sh.wav,"Tape 3, Side A",,
,md951vt4966_239_a_sl.mp3,"Tape 3, Side A",5,
,md951vt4966_239_b_pm.wav,"Tape 3, Side B",,
,md951vt4966_239_b_sh.wav,"Tape 3, Side B",,
,md951vt4966_239_b_sl.mp3,"Tape 3, Side B",6,
,md951vt4966_241_b_pm.wav,"Tape 4, Side A",,
,md951vt4966_241_b_sh.wav,"Tape 4, Side A",,
,md951vt4966_241_b_sl.mp3,"Tape 4, Side A",7,
,md951vt4966_242_a_pm.wav,"Tape 5, Side A",,
,md951vt4966_242_a_sh.wav,"Tape 5, Side A",,
,md951vt4966_242_a_sl.mp3,"Tape 5, Side A",8,
,md951vt4966_242_b_pm.wav,"Tape 5, Side B",,
,md951vt4966_242_b_sh.wav,"Tape 5, Side B",,
,md951vt4966_242_b_sl.mp3,"Tape 5, Side B",9,
SC1017_s1_Jessup,mg900qy3711_85_a_pm.wav,"Tape 1, Side A",,
,mg900qy3711_85_a_sh.wav,"Tape 1, Side A",,
,mg900qy3711_85_a_sl.mp3,"Tape 1, Side A",1,
,mg900qy3711_85_b_pm.wav,"Tape 1, Side B",,
,mg900qy3711_85_b_sh.wav,"Tape 1, Side B",,
,mg900qy3711_85_b_sl.mp3,"Tape 1, Side B",2,
SC1017_s3_Welis,mj674nw7551_194_a_pm.wav,"Tape 1, Side A",,
,mj674nw7551_194_a_sh.wav,"Tape 1, Side A",,
,mj674nw7551_194_a_sl.mp3,"Tape 1, Side A",1,
,mj674nw7551_194_b_pm.wav,"Tape 1, Side B",,
,mj674nw7551_194_b_sh.wav,"Tape 1, Side B",,
,mj674nw7551_194_b_sl.mp3,"Tape 1, Side B",2,
SC1017_s1_Carley,mn476xr0616_208_a_pm.wav,"Tape 1, Side A",,
,mn476xr0616_208_a_sh.wav,"Tape 1, Side A",,
,mn476xr0616_208_a_sl.mp3,"Tape 1, Side A",1,
,mn476xr0616_208_b_pm.wav,"Tape 1, Side B",,
,mn476xr0616_208_b_sh.wav,"Tape 1, Side B",,
,mn476xr0616_208_b_sl.mp3,"Tape 1, Side B",2,
SC1017_s3_Dutton,mp305sx2342_171_a_pm.wav,"Tape 1, Side A",,
,mp305sx2342_171_a_sh.wav,"Tape 1, Side A",,
,mp305sx2342_171_a_sl.mp3,"Tape 1, Side A",1,
,mp305sx2342_171_b_pm.wav,"Tape 1, Side B",,
,mp305sx2342_171_b_sh.wav,"Tape 1, Side B",,
,mp305sx2342_171_b_sl.mp3,"Tape 1, Side B",2,
SC1017_s1_Mendelowitz,ms901gx3171_112_a_pm.wav,"Tape 1, Side A",,
,ms901gx3171_112_a_sh.wav,"Tape 1, Side A",,
,ms901gx3171_112_a_sl.mp3,"Tape 1, Side A",1,
SC1017_s3_Gibson,nd794zb3728_172_a_pm.wav,"Tape 1, Side A",,
,nd794zb3728_172_a_sh.wav,"Tape 1, Side A",,
,nd794zb3728_172_a_sl.mp3,"Tape 1, Side A",1,
,nd794zb3728_172_b_pm.wav,"Tape 1, Side B",,
,nd794zb3728_172_b_sh.wav,"Tape 1, Side B",,
,nd794zb3728_172_b_sl.mp3,"Tape 1, Side B",2,
SC1017_s3_Johnston,nm857pk2204_177_a_pm.wav,"Tape 1, Side A",,
,nm857pk2204_177_a_sh.wav,"Tape 1, Side A",,
,nm857pk2204_177_a_sl.mp3,"Tape 1, Side A",1,
,nm857pk2204_177_b_pm.wav,"Tape 1, Side B",,
,nm857pk2204_177_b_sh.wav,"Tape 1, Side B",,
,nm857pk2204_177_b_sl.mp3,"Tape 1, Side B",2,
SC1017_s4_Siegman,np204pb0773_206_a_pm.wav,"Tape 1, Side A",,
,np204pb0773_206_a_sh.wav,"Tape 1, Side A",,
,np204pb0773_206_a_sl.mp3,"Tape 1, Side A",1,
,np204pb0773_206_b_pm.wav,"Tape 1, Side B",,
,np204pb0773_206_b_sh.wav,"Tape 1, Side B",,
,np204pb0773_206_b_sl.mp3,"Tape 1, Side B",2,
SC1017_s1_Snyder,nx177vx9096_137_a_pm.wav,"Tape 1, Side A",,
,nx177vx9096_137_a_sh.wav,"Tape 1, Side A",,
,nx177vx9096_137_a_sl.mp3,"Tape 1, Side A",1,
,nx177vx9096_137_b_pm.wav,"Tape 1, Side B",,
,nx177vx9096_137_b_sh.wav,"Tape 1, Side B",,
,nx177vx9096_137_b_sl.mp3,"Tape 1, Side B",2,
,nx177vx9096_138_a_pm.wav,"Tape 2, Side A",,
,nx177vx9096_138_a_sh.wav,"Tape 2, Side A",,
,nx177vx9096_138_a_sl.mp3,"Tape 2, Side A",3,
,nx177vx9096_138_b_pm.wav,"Tape 2, Side B",,
,nx177vx9096_138_b_sh.wav,"Tape 2, Side B",,
,nx177vx9096_138_b_sl.mp3,"Tape 2, Side B",4,
SC1017_s1_Blake,ny022tq8655_207_a_pm.wav,"Tape 1, Side A",,
,ny022tq8655_207_a_sh.wav,"Tape 1, Side A",,
,ny022tq8655_207_a_sl.mp3,"Tape 1, Side A",1,
,ny022tq8655_207_b_pm.wav,"Tape 1, Side B",,
,ny022tq8655_207_b_sh.wav,"Tape 1, Side B",,
,ny022tq8655_207_b_sl.mp3,"Tape 1, Side B",2,
SC1017_s1_Dinkelspiel,nz355vt6188_270_a_pm.wav,"Tape 1, Side A",,
,nz355vt6188_270_a_sh.wav,"Tape 1, Side A",,
,nz355vt6188_270_a_sl.mp3,"Tape 1, Side A",1,
,nz355vt6188_270_b_pm.wav,"Tape 1, Side B",,
,nz355vt6188_270_b_sh.wav,"Tape 1, Side B",,
,nz355vt6188_270_b_sl.mp3,"Tape 1, Side B",2,
,nz355vt6188_271_a_pm.wav,"Tape 2, Side A",,
,nz355vt6188_271_a_sh.wav,"Tape 2, Side A",,
,nz355vt6188_271_a_sl.mp3,"Tape 2, Side A",3,
,nz355vt6188_272_a_pm.wav,"Tape 3, Side A",,
,nz355vt6188_272_a_sh.wav,"Tape 3, Side A",,
,nz355vt6188_272_a_sl.mp3,"Tape 3, Side A",4,
,nz355vt6188_272_b_pm.wav,"Tape 3, Side B",,
,nz355vt6188_272_b_sh.wav,"Tape 3, Side B",,
,nz355vt6188_272_b_sl.mp3,"Tape 3, Side B",5,
,nz355vt6188_273_a_pm.wav,"Tape 4, Side A",,
,nz355vt6188_273_a_sh.wav,"Tape 4, Side A",,
,nz355vt6188_273_a_sl.mp3,"Tape 4, Side A",6,
SC1017_s1_Chandler,pp446dq6650_30_a_pm.wav,"Tape 1, Side A",,
,pp446dq6650_30_a_sh.wav,"Tape 1, Side A",,
,pp446dq6650_30_a_sl.mp3,"Tape 1, Side A",1,
SC1017_s1_Eurich,pq073tv7244_57_a_pm.wav,"Tape 1, Side A",,
,pq073tv7244_57_a_sh.wav,"Tape 1, Side A",,
,pq073tv7244_57_a_sl.mp3,"Tape 1, Side A",1,
,pq073tv7244_57_b_pm.wav,"Tape 1, Side B",,
,pq073tv7244_57_b_sh.wav,"Tape 1, Side B",,
,pq073tv7244_57_b_sl.mp3,"Tape 1, Side B",2,
,pq073tv7244_58_a_pm.wav,"Tape 2, Side A",,
,pq073tv7244_58_a_sh.wav,"Tape 2, Side A",,
,pq073tv7244_58_a_sl.mp3,"Tape 2, Side A",3,
,pq073tv7244_58_b_pm.wav,"Tape 2, Side B",,
,pq073tv7244_58_b_sh.wav,"Tape 2, Side B",,
,pq073tv7244_58_b_sl.mp3,"Tape 2, Side B",4,
,pq073tv7244_59_a_pm.wav,"Tape 3, Side A",,
,pq073tv7244_59_a_sh.wav,"Tape 3, Side A",,
,pq073tv7244_59_a_sl.mp3,"Tape 3, Side A",5,
,pq073tv7244_59_b_pm.wav,"Tape 3, Side B",,
,pq073tv7244_59_b_sh.wav,"Tape 3, Side B",,
,pq073tv7244_59_b_sl.mp3,"Tape 3, Side B",6,
SC1017_ s3_Millar,pq263fc6166_183_a_pm.wav,"Tape 1, Side A",,
,pq263fc6166_183_a_sh.wav,"Tape 1, Side A",,
,pq263fc6166_183_a_sl.mp3,"Tape 1, Side A",1,
,pq263fc6166_183_b_pm.wav,"Tape 1, Side B",,
,pq263fc6166_183_b_sh.wav,"Tape 1, Side B",,
,pq263fc6166_183_b_sl.mp3,"Tape 1, Side B",2,
SC1017_s1_Murphy,pq703sj3245_113_a_pm.wav,"Tape 1, Side A",,
,pq703sj3245_113_a_sh.wav,"Tape 1, Side A",,
,pq703sj3245_113_a_sl.mp3,"Tape 1, Side A",1,
,pq703sj3245_113_b_pm.wav,"Tape 1, Side B",,
,pq703sj3245_113_b_sh.wav,"Tape 1, Side B",,
,pq703sj3245_113_b_sl.mp3,"Tape 1, Side B",2,
,pq703sj3245_114_a_pm.wav,"Tape 2, Side A",,
,pq703sj3245_114_a_sh.wav,"Tape 2, Side A",,
,pq703sj3245_114_a_sl.mp3,"Tape 2, Side A",3,
,pq703sj3245_114_b_pm.wav,"Tape 2, Side B",,
,pq703sj3245_114_b_sh.wav,"Tape 2, Side B",,
,pq703sj3245_114_b_sl.mp3,"Tape 2, Side B",4,
SC1017_s1_Applewhite,pr924cr5087_158_a_pm.wav,"Tape 1, Side A",,
,pr924cr5087_158_a_sh.wav,"Tape 1, Side A",,
,pr924cr5087_158_a_sl.mp3,"Tape 1, Side A",1,
,pr924cr5087_158_b_pm.wav,"Tape 1, Side B",,
,pr924cr5087_158_b_sh.wav,"Tape 1, Side B",,
,pr924cr5087_158_b_sl.mp3,"Tape 1, Side B",2,
SC1017_s1_RIcker,ps722qy9845_117_a_pm.wav,"Tape 1, Side A",,
,ps722qy9845_117_a_sh.wav,"Tape 1, Side A",,
,ps722qy9845_117_a_sl.mp3,"Tape 1, Side A",1,
,ps722qy9845_117_b_pm.wav,"Tape 1, Side B",,
,ps722qy9845_117_b_sh.wav,"Tape 1, Side B",,
,ps722qy9845_117_b_sl.mp3,"Tape 1, Side B",2,
SC1017_s2_Mercer,px305wz9023_163_a_pm.wav,"Tape 1, Side A",,
,px305wz9023_163_a_sh.wav,"Tape 1, Side A",,
,px305wz9023_163_a_sl.mp3,"Tape 1, Side A",1,
,px305wz9023_163_b_pm.wav,"Tape 1, Side B",,
,px305wz9023_163_b_sh.wav,"Tape 1, Side B",,
,px305wz9023_163_b_sl.mp3,"Tape 1, Side B",2,
SC1017_s5_Johnson,pz540yh6736_216_a_pm.wav,"Tape 1, Side A",,
,pz540yh6736_216_a_sh.wav,"Tape 1, Side A",,
,pz540yh6736_216_a_sl.mp3,"Tape 1, Side A",1,
SC1017_s1_Goff,qd642qs8945_173_a_pm.wav,"Tape 1, Side A",,
,qd642qs8945_173_a_sh.wav,"Tape 1, Side A",,
,qd642qs8945_173_a_sl.mp3,"Tape 1, Side A",1,
,qd642qs8945_173_b_pm.wav,"Tape 1, Side B",,
,qd642qs8945_173_b_sh.wav,"Tape 1, Side B",,
,qd642qs8945_173_b_sl.mp3,"Tape 1, Side B",2,
SC1017_ s1_Davis,qk158kg2244_48_a_pm.wav,"Tape 1, Side A",,
,qk158kg2244_48_a_sh.wav,"Tape 1, Side A",,
,qk158kg2244_48_a_sl.mp3,"Tape 1, Side A",1,
,qk158kg2244_48_b_pm.wav,"Tape 1, Side B",,
,qk158kg2244_48_b_sh.wav,"Tape 1, Side B",,
,qk158kg2244_48_b_sl.mp3,"Tape 1, Side B",2,
,qk158kg2244_49_a_pm.wav,"Tape 2, Side A",,
,qk158kg2244_49_a_sh.wav,"Tape 2, Side A",,
,qk158kg2244_49_a_sl.mp3,"Tape 2, Side A",3,
,qk158kg2244_49_b_pm.wav,"Tape 2, Side B",,
,qk158kg2244_49_b_sh.wav,"Tape 2, Side B",,
,qk158kg2244_49_b_sl.mp3,"Tape 2, Side B",4,
,qk158kg2244_50_a_pm.wav,"Tape 3, Side A",,
,qk158kg2244_50_a_sh.wav,"Tape 3, Side A",,
,qk158kg2244_50_a_sl.mp3,"Tape 3, Side A",5,
,qk158kg2244_50_b_pm.wav,"Tape 3, Side B",,
,qk158kg2244_50_b_sh.wav,"Tape 3, Side B",,
,qk158kg2244_50_b_sl.mp3,"Tape 3, Side B",6,
SC1017_s1_Lewis,qx620yk5764_107_a_pm.wav,"Tape 1, Side A",,
,qx620yk5764_107_a_sh.wav,"Tape 1, Side A",,
,qx620yk5764_107_a_sl.mp3,"Tape 1, Side A",1,
,qx620yk5764_107_b_pm.wav,"Tape 1, Side B",,
,qx620yk5764_107_b_sh.wav,"Tape 1, Side B",,
,qx620yk5764_107_b_sl.mp3,"Tape 1, Side B",2,
,qx620yk5764_108_a_pm.wav,"Tape 2, Side A",,
,qx620yk5764_108_a_sh.wav,"Tape 2, Side A",,
,qx620yk5764_108_a_sl.mp3,"Tape 2, Side A",3,
,qx620yk5764_109_a_pm.wav,"Tape 3, Side A",,
,qx620yk5764_109_a_sh.wav,"Tape 3, Side A",,
,qx620yk5764_109_a_sl.mp3,"Tape 3, Side A",4,
,qx620yk5764_109_b_pm.wav,"Tape 3, Side B",,
,qx620yk5764_109_b_sh.wav,"Tape 3, Side B",,
,qx620yk5764_109_b_sl.mp3,"Tape 3, Side B",5,
,qx620yk5764_110_a_pm.wav,"Tape 4, Side A",,
,qx620yk5764_110_a_sh.wav,"Tape 4, Side A",,
,qx620yk5764_110_a_sl.mp3,"Tape 4, Side A",6,
SC1017_s1_Alway,qz026gs7920_7_a_pm.wav,"Tape 1, Side A",,
,qz026gs7920_7_a_sh.wav,"Tape 1, Side A",,
,qz026gs7920_7_a_sl.mp3,"Tape 1, Side A",1,
,qz026gs7920_7_b_pm.wav,"Tape 1, Side B",,
,qz026gs7920_7_b_sh.wav,"Tape 1, Side B",,
,qz026gs7920_7_b_sl.mp3,"Tape 1, Side B",2,
,qz026gs7920_8_a_pm.wav,"Tape 2, Side A",,
,qz026gs7920_8_a_sh.wav,"Tape 2, Side A",,
,qz026gs7920_8_a_sl.mp3,"Tape 2, Side A",3,
,qz026gs7920_8_b_pm.wav,"Tape 2, Side B",,
,qz026gs7920_8_b_sh.wav,"Tape 2, Side B",,
,qz026gs7920_8_b_sl.mp3,"Tape 2, Side B",4,
SC1017_s1_Keen,rd607ng7825_94_a_pm.wav,"Tape 1, Side A",,
,rd607ng7825_94_a_sh.wav,"Tape 1, Side A",,
,rd607ng7825_94_a_sl.mp3,"Tape 1, Side A",1,
,rd607ng7825_94_b_pm.wav,"Tape 1, Side B",,
,rd607ng7825_94_b_sh.wav,"Tape 1, Side B",,
,rd607ng7825_94_b_sl.mp3,"Tape 1, Side B",2,
,rd607ng7825_95_a_pm.wav,"Tape 2, Side A",,
,rd607ng7825_95_a_sh.wav,"Tape 2, Side A",,
,rd607ng7825_95_a_sl.mp3,"Tape 2, Side A",3,
,rd607ng7825_95_b_pm.wav,"Tape 2, Side B",,
,rd607ng7825_95_b_sh.wav,"Tape 2, Side B",,
,rd607ng7825_95_b_sl.mp3,"Tape 2, Side B",4,
,rd607ng7825_96_a_pm.wav,"Tape 3, Side A",,
,rd607ng7825_96_a_sh.wav,"Tape 3, Side A",,
,rd607ng7825_96_a_sl.mp3,"Tape 3, Side A",5,
,rd607ng7825_96_b_pm.wav,"Tape 3, Side B",,
,rd607ng7825_96_b_sh.wav,"Tape 3, Side B",,
,rd607ng7825_96_b_sl.mp3,"Tape 3, Side B",6,
SC1017_s1_Vickers,rk910tb6037_144_a_pm.wav,"Tape 1, Side A",,
,rk910tb6037_144_a_sh.wav,"Tape 1, Side A",,
,rk910tb6037_144_a_sl.mp3,"Tape 1, Side A",1,
SC1017_s1_Craig,rn801nn2726_39_a_pm.wav,"Tape 1, Side A",,
,rn801nn2726_39_a_sh.wav,"Tape 1, Side A",,
,rn801nn2726_39_a_sl.mp3,"Tape 1, Side A",1,
,rn801nn2726_39_b_pm.wav,"Tape 1, Side B",,
,rn801nn2726_39_b_sh.wav,"Tape 1, Side B",,
,rn801nn2726_39_b_sl.mp3,"Tape 1, Side B",2,
,rn801nn2726_40_a_pm.wav,"Tape 2, Side A",,
,rn801nn2726_40_a_sh.wav,"Tape 2, Side A",,
,rn801nn2726_40_a_sl.mp3,"Tape 2, Side A",3,
,rn801nn2726_41_a_pm.wav,"Tape 3, Side A",,
,rn801nn2726_41_a_sh.wav,"Tape 3, Side A",,
,rn801nn2726_41_a_sl.mp3,"Tape 3, Side A",4,
,rn801nn2726_41_b_pm.wav,"Tape 3, Side B",,
,rn801nn2726_41_b_sh.wav,"Tape 3, Side B",,
,rn801nn2726_41_b_sl.mp3,"Tape 3, Side B",5,
,rn801nn2726_42_a_pm.wav,"Tape 4, Side A",,
,rn801nn2726_42_a_sh.wav,"Tape 4, Side A",,
,rn801nn2726_42_a_sl.mp3,"Tape 4, Side A",6,
SC1017_s1_Hastorf,rp316pn7737_77_a_pm.wav,"Tape 1, Side A",,
,rp316pn7737_77_a_sh.wav,"Tape 1, Side A",,
,rp316pn7737_77_a_sl.mp3,"Tape 1, Side A",1,
,rp316pn7737_77_b_pm.wav,"Tape 1, Side B",,
,rp316pn7737_77_b_sh.wav,"Tape 1, Side B",,
,rp316pn7737_77_b_sl.mp3,"Tape 1, Side B",2,
,rp316pn7737_78_a_pm.wav,"Tape 2, Side A",,
,rp316pn7737_78_a_sh.wav,"Tape 2, Side A",,
,rp316pn7737_78_a_sl.mp3,"Tape 2, Side A",3,
,rp316pn7737_78_b_pm.wav,"Tape 2, Side B",,
,rp316pn7737_78_b_sh.wav,"Tape 2, Side B",,
,rp316pn7737_78_b_sl.mp3,"Tape 2, Side B",4,
,rp316pn7737_79_a_pm.wav,"Tape 3, Side A",,
,rp316pn7737_79_a_sh.wav,"Tape 3, Side A",,
,rp316pn7737_79_a_sl.mp3,"Tape 3, Side A",5,
,rp316pn7737_79_b_pm.wav,"Tape 3, Side B",,
,rp316pn7737_79_b_sh.wav,"Tape 3, Side B",,
,rp316pn7737_79_b_sl.mp3,"Tape 3, Side B",6,
SC1017_s3_Page,rz512dp9256_185_a_pm.wav,"Tape 1, Side A",,
,rz512dp9256_185_a_sh.wav,"Tape 1, Side A",,
,rz512dp9256_185_a_sl.mp3,"Tape 1, Side A",1,
,rz512dp9256_185_b_pm.wav,"Tape 1, Side B",,
,rz512dp9256_185_b_sh.wav,"Tape 1, Side B",,
,rz512dp9256_185_b_sl.mp3,"Tape 1, Side B",2,
,rz512dp9256_279_a_pm.wav,"Tape 2, Side A",,
,rz512dp9256_279_a_sh.wav,"Tape 2, Side A",,
,rz512dp9256_279_a_sl.mp3,"Tape 2, Side A",3,
,rz512dp9256_279_b_pm.wav,"Tape 2, Side B",,
,rz512dp9256_279_b_sh.wav,"Tape 2, Side B",,
,rz512dp9256_279_b_sl.mp3,"Tape 2, Side B",4,
,rz512dp9256_280_pm.wav,"Tape 3, Side A",,
,rz512dp9256_280_sh.wav,"Tape 3, Side A",,
,rz512dp9256_280_sl.mp3,"Tape 3, Side A",5,
SC1017_s1_Kendrick,sh242gw6220_97_a_pm.wav,"Tape 1, Side A",,
,sh242gw6220_97_a_sh.wav,"Tape 1, Side A",,
,sh242gw6220_97_a_sl.mp3,"Tape 1, Side A",1,
,sh242gw6220_98_a_pm.wav,"Tape 2, Side A",,
,sh242gw6220_98_a_sh.wav,"Tape 2, Side A",,
,sh242gw6220_98_a_sl.mp3,"Tape 2, Side A",2,
,sh242gw6220_98_b_pm.wav,"Tape 2, Side B",,
,sh242gw6220_98_b_sh.wav,"Tape 2, Side B",,
,sh242gw6220_98_b_sl.mp3,"Tape 2, Side B",3,
,sh242gw6220_264_a_pm.wav,"Tape 3, Side A",,
,sh242gw6220_264_a_sh.wav,"Tape 3, Side A",,
,sh242gw6220_264_a_sl.mp3,"Tape 3, Side A",4,
SC1017_s1_Ceideberg,sj209mr1461_29_a_pm.wav,"Tape 1, Side A",,
,sj209mr1461_29_a_sh.wav,"Tape 1, Side A",,
,sj209mr1461_29_a_sl.mp3,"Tape 1, Side A",1,
,sj209mr1461_29_b_pm.wav,"Tape 1, Side B",,
,sj209mr1461_29_b_sh.wav,"Tape 1, Side B",,
,sj209mr1461_29_b_sl.mp3,"Tape 1, Side B",2,
SC1017_s3_Grundt,sk610sv0362_174_a_pm.wav,"Tape 1, Side A",,
,sk610sv0362_174_a_sh.wav,"Tape 1, Side A",,
,sk610sv0362_174_a_sl.mp3,"Tape 1, Side A",1,
SC1017_s3_Bretall,sm967dw6534_169_a_pm.wav,"Tape 1, Side A",,
,sm967dw6534_169_a_sh.wav,"Tape 1, Side A",,
,sm967dw6534_169_a_sl.mp3,"Tape 1, Side A",1,
,sm967dw6534_169_b_pm.wav,"Tape 1, Side B",,
,sm967dw6534_169_b_sh.wav,"Tape 1, Side B",,
,sm967dw6534_169_b_sl.mp3,"Tape 1, Side B",2,
SC1017_s6_Deal,sq057rp7151_55_a_pm.wav,"Tape 1, Side A",,
,sq057rp7151_55_a_sh.wav,"Tape 1, Side A",,
,sq057rp7151_55_a_sl.mp3,"Tape 1, Side A",1,
,sq057rp7151_55_b_pm.wav,"Tape 1, Side B",,
,sq057rp7151_55_b_sh.wav,"Tape 1, Side B",,
,sq057rp7151_55_b_sl.mp3,"Tape 1, Side B",2,
,sq057rp7151_56_a_pm.wav,"Tape 2, Side A",,
,sq057rp7151_56_a_sh.wav,"Tape 2, Side A",,
,sq057rp7151_56_a_sl.mp3,"Tape 2, Side A",3,
,sq057rp7151_56_b_pm.wav,"Tape 2, Side B",,
,sq057rp7151_56_b_sh.wav,"Tape 2, Side B",,
,sq057rp7151_56_b_sl.mp3,"Tape 2, Side B",4,
,sq057rp7151_225_a_pm.wav,"Tape 3, Side A",,
,sq057rp7151_225_a_sh.wav,"Tape 3, Side A",,
,sq057rp7151_225_a_sl.mp3,"Tape 3, Side A",5,
,sq057rp7151_225_b_pm.wav,"Tape 3, Side B",,
,sq057rp7151_225_b_sh.wav,"Tape 3, Side B",,
,sq057rp7151_225_b_sl.mp3,"Tape 3, Side B",6,
,sq057rp7151_226_a_pm.wav,"Tape 4, Side A",,
,sq057rp7151_226_a_sh.wav,"Tape 4, Side A",,
,sq057rp7151_226_a_sl.mp3,"Tape 4, Side A",7,
,sq057rp7151_226_b_pm.wav,"Tape 4, Side B",,
,sq057rp7151_226_b_sh.wav,"Tape 4, Side B",,
,sq057rp7151_226_b_sl.mp3,"Tape 4, Side B",8,
,sq057rp7151_227_a_pm.wav,"Tape 5, Side A",,
,sq057rp7151_227_a_sh.wav,"Tape 5, Side A",,
,sq057rp7151_227_a_sl.mp3,"Tape 5, Side A",9,
,sq057rp7151_227_b_pm.wav,"Tape 5, Side B",,
,sq057rp7151_227_b_sh.wav,"Tape 5, Side B",,
,sq057rp7151_227_b_sl.mp3,"Tape 5, Side B",10,
,sq057rp7151_228_a_pm.wav,"Tape 6, Side A",,
,sq057rp7151_228_a_sh.wav,"Tape 6, Side A",,
,sq057rp7151_228_a_sl.mp3,"Tape 6, Side A",11,
,sq057rp7151_228_b_pm.wav,"Tape 6, Side B",,
,sq057rp7151_228_b_sh.wav,"Tape 6, Side B",,
,sq057rp7151_228_b_sl.mp3,"Tape 6, Side B",12,
SC1017_s3_Botsford,sr011vh5136_168_a_pm.wav,"Tape 1, Side A",,
,sr011vh5136_168_a_sh.wav,"Tape 1, Side A",,
,sr011vh5136_168_a_sl.mp3,"Tape 1, Side A",1,
,sr011vh5136_168_b_pm.wav,"Tape 1, Side B",,
,sr011vh5136_168_b_sh.wav,"Tape 1, Side B",,
,sr011vh5136_168_b_sl.mp3,"Tape 1, Side B",2,
SC1017_s1_Almond,ss182kk6364_4_a_pm.wav,"Tape 1, Side A",,
,ss182kk6364_4_a_sh.wav,"Tape 1, Side A",,
,ss182kk6364_4_a_sl.mp3,"Tape 1, Side A",1,
,ss182kk6364_4_b_pm.wav,"Tape 1, Side B",,
,ss182kk6364_4_b_sh.wav,"Tape 1, Side B",,
,ss182kk6364_4_b_sl.mp3,"Tape 1, Side B",2,
,ss182kk6364_5_a_pm.wav,"Tape 2, Side A",,
,ss182kk6364_5_a_sh.wav,"Tape 2, Side A",,
,ss182kk6364_5_a_sl.mp3,"Tape 2, Side A",3,
,ss182kk6364_5_b_pm.wav,"Tape 2, Side B",,
,ss182kk6364_5_b_sh.wav,"Tape 2, Side B",,
,ss182kk6364_5_b_sl.mp3,"Tape 2, Side B",4,
,ss182kk6364_6_a_pm.wav,"Tape 3, Side A",,
,ss182kk6364_6_a_sh.wav,"Tape 3, Side A",,
,ss182kk6364_6_a_sl.mp3,"Tape 3, Side A",5,
,ss182kk6364_6_b_pm.wav,"Tape 3, Side B",,
,ss182kk6364_6_b_sh.wav,"Tape 3, Side B",,
,ss182kk6364_6_b_sl.mp3,"Tape 3, Side B",6,
SC1017_s1_Jahns,sw806dn0819_82_a_pm.wav,"Tape 1, Side A",,
,sw806dn0819_82_a_sh.wav,"Tape 1, Side A",,
,sw806dn0819_82_a_sl.mp3,"Tape 1, Side A",1,
,sw806dn0819_82_b_pm.wav,"Tape 1, Side B",,
,sw806dn0819_82_b_sh.wav,"Tape 1, Side B",,
,sw806dn0819_82_b_sl.mp3,"Tape 1, Side B",2,
,sw806dn0819_83_a_pm.wav,"Tape 2, Side A",,
,sw806dn0819_83_a_sh.wav,"Tape 2, Side A",,
,sw806dn0819_83_a_sl.mp3,"Tape 2, Side A",3,
,sw806dn0819_84_a_pm.wav,"Tape 3, Side A",,
,sw806dn0819_84_a_sh.wav,"Tape 3, Side A",,
,sw806dn0819_84_a_sl.mp3,"Tape 3, Side A",4,
SC1017_s4_Rempel,tk366nn8803_202_a_pm.wav,"Tape 1, Side A",,
,tk366nn8803_202_a_sh.wav,"Tape 1, Side A",,
,tk366nn8803_202_a_sl.mp3,"Tape 1, Side A",1,
,tk366nn8803_202_b_pm.wav,"Tape 1, Side B",,
,tk366nn8803_202_b_sh.wav,"Tape 1, Side B",,
,tk366nn8803_202_b_sl.mp3,"Tape 1, Side B",2,
SC1017_ s1_Mitchell,vf005hb0686_281_a_pm.wav,"Tape 1, Side A",,
,vf005hb0686_281_a_sh.wav,"Tape 1, Side A",,
,vf005hb0686_281_a_sl.mp3,"Tape 1, Side A",1,
,vf005hb0686_281_b_pm.wav,"Tape 1, Side B",,
,vf005hb0686_281_b_sh.wav,"Tape 1, Side B",,
,vf005hb0686_281_b_sl.mp3,"Tape 1, Side B",2,
SC1017_s1_Johnson,vk815wb5491_86_a_pm.wav,"Tape 1, Side A",,
,vk815wb5491_86_a_sh.wav,"Tape 1, Side A",,
,vk815wb5491_86_a_sl.mp3,"Tape 1, Side A",1,
,vk815wb5491_86_b_pm.wav,"Tape 1, Side B",,
,vk815wb5491_86_b_sh.wav,"Tape 1, Side B",,
,vk815wb5491_86_b_sl.mp3,"Tape 1, Side B",2,
,vk815wb5491_87_a_pm.wav,"Tape 2, Side A",,
,vk815wb5491_87_a_sh.wav,"Tape 2, Side A",,
,vk815wb5491_87_a_sl.mp3,"Tape 2, Side A",3,
,vk815wb5491_87_b_pm.wav,"Tape 2, Side B",,
,vk815wb5491_87_b_sh.wav,"Tape 2, Side B",,
,vk815wb5491_87_b_sl.mp3,"Tape 2, Side B",4,
,vk815wb5491_88_a_pm.wav,"Tape 3, Side A",,
,vk815wb5491_88_a_sh.wav,"Tape 3, Side A",,
,vk815wb5491_88_a_sl.mp3,"Tape 3, Side A",5,
,vk815wb5491_88_b_pm.wav,"Tape 3, Side B",,
,vk815wb5491_88_b_sh.wav,"Tape 3, Side B",,
,vk815wb5491_88_b_sl.mp3,"Tape 3, Side B",6,
,vk815wb5491_89_a_pm.wav,"Tape 4, Side A",,
,vk815wb5491_89_a_sh.wav,"Tape 4, Side A",,
,vk815wb5491_89_a_sl.mp3,"Tape 4, Side A",7,
,vk815wb5491_89_b_pm.wav,"Tape 4, Side B",,
,vk815wb5491_89_b_sh.wav,"Tape 4, Side B",,
,vk815wb5491_89_b_sl.mp3,"Tape 4, Side B",8,
SC1017_s4_Ruddock,vk953zt4608_203_a_pm.wav,"Tape 1, Side A",,
,vk953zt4608_203_a_sh.wav,"Tape 1, Side A",,
,vk953zt4608_203_a_sl.mp3,"Tape 1, Side A",1,
,vk953zt4608_203_b_pm.wav,"Tape 1, Side B",,
,vk953zt4608_203_b_sh.wav,"Tape 1, Side B",,
,vk953zt4608_203_b_sl.mp3,"Tape 1, Side B",2,
SC1017_ s3_Wright,vm209md5939_196_a_pm.wav,"Tape 1, Side A",,
,vm209md5939_196_a_sh.wav,"Tape 1, Side A",,
,vm209md5939_196_a_sl.mp3,"Tape 1, Side A",1,
,vm209md5939_196_b_pm.wav,"Tape 1, Side B",,
,vm209md5939_196_b_sh.wav,"Tape 1, Side B",,
,vm209md5939_196_b_sl.mp3,"Tape 1, Side B",2,
SC1017_s1_Colby,vw296jb7528_36_a_pm.wav,"Tape 1, Side A",,
,vw296jb7528_36_a_sh.wav,"Tape 1, Side A",,
,vw296jb7528_36_a_sl.mp3,"Tape 1, Side A",1,
,vw296jb7528_36_b_pm.wav,"Tape 1, Side B",,
,vw296jb7528_36_b_sh.wav,"Tape 1, Side B",,
,vw296jb7528_36_b_sl.mp3,"Tape 1, Side B",2,
,vw296jb7528_37_a_pm.wav,"Tape 2, Side A",,
,vw296jb7528_37_a_sh.wav,"Tape 2, Side A",,
,vw296jb7528_37_a_sl.mp3,"Tape 2, Side A",3,
,vw296jb7528_37_b_pm.wav,"Tape 2, Side B",,
,vw296jb7528_37_b_sh.wav,"Tape 2, Side B",,
,vw296jb7528_37_b_sl.mp3,"Tape 2, Side B",4,
,vw296jb7528_38_a_pm.wav,"Tape 3, Side A",,
,vw296jb7528_38_a_sh.wav,"Tape 3, Side A",,
,vw296jb7528_38_a_sl.mp3,"Tape 3, Side A",5,
,vw296jb7528_38_b_pm.wav,"Tape 3, Side B",,
,vw296jb7528_38_b_sh.wav,"Tape 3, Side B",,
,vw296jb7528_38_b_sl.mp3,"Tape 3, Side B",6,
SC1017_s1_Krauskopf,wc282xn2233_100_a_pm.wav,"Tape 1, Side A",,
,wc282xn2233_100_a_sh.wav,"Tape 1, Side A",,
,wc282xn2233_100_a_sl.mp3,"Tape 1, Side A",1,
,wc282xn2233_100_b_pm.wav,"Tape 1, Side B",,
,wc282xn2233_100_b_sh.wav,"Tape 1, Side B",,
,wc282xn2233_100_b_sl.mp3,"Tape 1, Side B",2,
,wc282xn2233_101_a_pm.wav,"Tape 2, Side A",,
,wc282xn2233_101_a_sh.wav,"Tape 2, Side A",,
,wc282xn2233_101_a_sl.mp3,"Tape 2, Side A",3,
,wc282xn2233_101_b_pm.wav,"Tape 2, Side B",,
,wc282xn2233_101_b_sh.wav,"Tape 2, Side B",,
,wc282xn2233_101_b_sl.mp3,"Tape 2, Side B",4,
,wc282xn2233_102_a_pm.wav,"Tape 3, Side A",,
,wc282xn2233_102_a_sh.wav,"Tape 3, Side A",,
,wc282xn2233_102_a_sl.mp3,"Tape 3, Side A",5,
SC1017_s1_Hall,wk392tc4413_70_a_pm.wav,"Tape 1, Side A",,
,wk392tc4413_70_a_sh.wav,"Tape 1, Side A",,
,wk392tc4413_70_a_sl.mp3,"Tape 1, Side A",1,
,wk392tc4413_70_b_pm.wav,"Tape 1, Side B",,
,wk392tc4413_70_b_sh.wav,"Tape 1, Side B",,
,wk392tc4413_70_b_sl.mp3,"Tape 1, Side B",2,
SC1017_s2_Torf,wq846mx7672_166_a_pm.wav,"Tape 1, Side A",,
,wq846mx7672_166_a_sh.wav,"Tape 1, Side A",,
,wq846mx7672_166_a_sl.mp3,"Tape 1, Side A",1,
SC1017_ s3_Spears,wz695yj2565_192_a_pm.wav,"Tape 1, Side A",,
,wz695yj2565_192_a_sh.wav,"Tape 1, Side A",,
,wz695yj2565_192_a_sl.mp3,"Tape 1, Side A",1,
,wz695yj2565_192_b_pm.wav,"Tape 1, Side B",,
,wz695yj2565_192_b_sh.wav,"Tape 1, Side B",,
,wz695yj2565_192_b_sl.mp3,"Tape 1, Side B",2,
SC1017_ s2_Merriman,xg281sp3438_164_a_pm.wav,"Tape 1, Side A",,
,xg281sp3438_164_a_sh.wav,"Tape 1, Side A",,
,xg281sp3438_164_a_sl.mp3,"Tape 1, Side A",1,
,xg281sp3438_164_b_pm.wav,"Tape 1, Side B",,
,xg281sp3438_164_b_sh.wav,"Tape 1, Side B",,
,xg281sp3438_164_b_sl.mp3,"Tape 1, Side B",2,
SC1017_s2_Brown,xh415cx1732_161_a_pm.wav,"Tape 1, Side A",,
,xh415cx1732_161_a_sh.wav,"Tape 1, Side A",,
,xh415cx1732_161_a_sl.mp3,"Tape 1, Side A",1,
,xh415cx1732_161_b_pm.wav,"Tape 1, Side B",,
,xh415cx1732_161_b_sh.wav,"Tape 1, Side B",,
,xh415cx1732_161_b_sl.mp3,"Tape 1, Side B",2,
SC1017_ s3_Baer,xh543dc7380_167_a_pm.wav,"Tape 1, Side A",,
,xh543dc7380_167_a_sh.wav,"Tape 1, Side A",,
,xh543dc7380_167_a_sl.mp3,"Tape 1, Side A",1,
,xh543dc7380_167_b_pm.wav,"Tape 1, Side B",,
,xh543dc7380_167_b_sh.wav,"Tape 1, Side B",,
,xh543dc7380_167_b_sl.mp3,"Tape 1, Side B",2,
SC1017_s7_Richards,xm295fy7417_277_a_p1_pm.wav,"Tape 1, Side A",,
,xm295fy7417_277_a_p2_pm.wav,"Tape 1, Side A",,
,xm295fy7417_277_a_pm.wav,"Tape 1, Side A",,
,xm295fy7417_277_a_sh.wav,"Tape 1, Side A",,
,xm295fy7417_277_a_sl.mp3,"Tape 1, Side A",1,
,xm295fy7417_277_b_pm.wav,"Tape 1, Side B",,
,xm295fy7417_277_b_sh.wav,"Tape 1, Side B",,
,xm295fy7417_277_b_sl.mp3,"Tape 1, Side B",2,
SC1017_s7_Abrams,xy943wj0513_275_a_pm.wav,"Tape 1, Side A",,
,xy943wj0513_275_a_sh.wav,"Tape 1, Side A",,
,xy943wj0513_275_a_sl.mp3,"Tape 1, Side A",1,
,xy943wj0513_275_b_pm.wav,"Tape 1, Side B",,
,xy943wj0513_275_b_sh.wav,"Tape 1, Side B",,
,xy943wj0513_275_b_sl.mp3,"Tape 1, Side B",2,
SC1017_s1_Swank,yc622fj2446_143_a_pm.wav,"Tape 1, Side A",,
,yc622fj2446_143_a_sh.wav,"Tape 1, Side A",,
,yc622fj2446_143_a_sl.mp3,"Tape 1, Side A",1,
,yc622fj2446_143_b_pm.wav,"Tape 1, Side B",,
,yc622fj2446_143_b_sh.wav,"Tape 1, Side B",,
,yc622fj2446_143_b_sl.mp3,"Tape 1, Side B",2,
SC1017_s1_Clark,yj791yq7700_31_a_pm.wav,"Tape 1, Side A",,
,yj791yq7700_31_a_sh.wav,"Tape 1, Side A",,
,yj791yq7700_31_a_sl.mp3,"Tape 1, Side A",1,
,yj791yq7700_31_b_pm.wav,"Tape 1, Side B",,
,yj791yq7700_31_b_sh.wav,"Tape 1, Side B",,
,yj791yq7700_31_b_sl.mp3,"Tape 1, Side B",2,
,yj791yq7700_32_a_pm.wav,"Tape 2, Side A",,
,yj791yq7700_32_a_sh.wav,"Tape 2, Side A",,
,yj791yq7700_32_a_sl.mp3,"Tape 2, Side A",3,
,yj791yq7700_33_a_pm.wav,"Tape 3, Side A",,
,yj791yq7700_33_a_sh.wav,"Tape 3, Side A",,
,yj791yq7700_33_a_sl.mp3,"Tape 3, Side A",4,
,yj791yq7700_34_a_pm.wav,"Tape 4, Side A",,
,yj791yq7700_34_a_sh.wav,"Tape 4, Side A",,
,yj791yq7700_34_a_sl.mp3,"Tape 4, Side A",5,
,yj791yq7700_34_b_pm.wav,"Tape 4, Side B",,
,yj791yq7700_34_b_sh.wav,"Tape 4, Side B",,
,yj791yq7700_34_b_sl.mp3,"Tape 4, Side B",6,
,yj791yq7700_35_a_pm.wav,"Tape 5, Side A",,
,yj791yq7700_35_a_sh.wav,"Tape 5, Side A",,
,yj791yq7700_35_a_sl.mp3,"Tape 5, Side A",7,
,yj791yq7700_35_b_pm.wav,"Tape 5, Side B",,
,yj791yq7700_35_b_sh.wav,"Tape 5, Side B",,
,yj791yq7700_35_b_sl.mp3,"Tape 5, Side B",8,
SC1017_s3_Keyes,yk416fq9827_179_a_pm.wav,"Tape 1, Side A",,
,yk416fq9827_179_a_sh.wav,"Tape 1, Side A",,
,yk416fq9827_179_a_sl.mp3,"Tape 1, Side A",1,
,yk416fq9827_179_b_pm.wav,"Tape 1, Side B",,
,yk416fq9827_179_b_sh.wav,"Tape 1, Side B",,
,yk416fq9827_179_b_sl.mp3,"Tape 1, Side B",2,
SC1017_s1_Green,yp873bh7681_64_a_pm.wav,"Tape 1, Side A",,
,yp873bh7681_64_a_sh.wav,"Tape 1, Side A",,
,yp873bh7681_64_a_sl.mp3,"Tape 1, Side A",1,
,yp873bh7681_64_b_pm.wav,"Tape 1, Side B",,
,yp873bh7681_64_b_sh.wav,"Tape 1, Side B",,
,yp873bh7681_64_b_sl.mp3,"Tape 1, Side B",2,
,yp873bh7681_65_a_pm.wav,"Tape 2, Side A",,
,yp873bh7681_65_a_sh.wav,"Tape 2, Side A",,
,yp873bh7681_65_a_sl.mp3,"Tape 2, Side A",3,
,yp873bh7681_65_b_pm.wav,"Tape 2, Side B",,
,yp873bh7681_65_b_sh.wav,"Tape 2, Side B",,
,yp873bh7681_65_b_sl.mp3,"Tape 2, Side B",4,
,yp873bh7681_66_a_pm.wav,"Tape 3, Side A",,
,yp873bh7681_66_a_sh.wav,"Tape 3, Side A",,
,yp873bh7681_66_a_sl.mp3,"Tape 3, Side A",5,
,yp873bh7681_66_b_pm.wav,"Tape 3, Side B",,
,yp873bh7681_66_b_sh.wav,"Tape 3, Side B",,
,yp873bh7681_66_b_sl.mp3,"Tape 3, Side B",6,
,yp873bh7681_67_a_pm.wav,"Tape 4, Side A",,
,yp873bh7681_67_a_sh.wav,"Tape 4, Side A",,
,yp873bh7681_67_a_sl.mp3,"Tape 4, Side A",7,
,yp873bh7681_67_b_pm.wav,"Tape 4, Side B",,
,yp873bh7681_67_b_sh.wav,"Tape 4, Side B",,
,yp873bh7681_67_b_sl.mp3,"Tape 4, Side B",8,
SC1017_s3_Haswell,yq111kb6562_176_a_pm.wav,"Tape 1, Side A",,
,yq111kb6562_176_a_sh.wav,"Tape 1, Side A",,
,yq111kb6562_176_a_sl.mp3,"Tape 1, Side A",1,
,yq111kb6562_176_b_pm.wav,"Tape 1, Side B",,
,yq111kb6562_176_b_sh.wav,"Tape 1, Side B",,
,yq111kb6562_176_b_sl.mp3,"Tape 1, Side B",2,
SC1017_s1_Keohane,yq467mw3225_99_a_pm.wav,"Tape 1, Side A",,
,yq467mw3225_99_a_sh.wav,"Tape 1, Side A",,
,yq467mw3225_99_a_sl.mp3,"Tape 1, Side A",1,
,yq467mw3225_99_b_pm.wav,"Tape 1, Side B",,
,yq467mw3225_99_b_sh.wav,"Tape 1, Side B",,
,yq467mw3225_99_b_sl.mp3,"Tape 1, Side B",2,
SC1017_s1_Levison,yr370yj1489_104_a_pm.wav,"Tape 1, Side A",,
,yr370yj1489_104_a_sh.wav,"Tape 1, Side A",,
,yr370yj1489_104_a_sl.mp3,"Tape 1, Side A",1,
,yr370yj1489_104_b_pm.wav,"Tape 1, Side B",,
,yr370yj1489_104_b_sh.wav,"Tape 1, Side B",,
,yr370yj1489_104_b_sl.mp3,"Tape 1, Side B",2,
,yr370yj1489_105_a_pm.wav,"Tape 2, Side A",,
,yr370yj1489_105_a_sh.wav,"Tape 2, Side A",,
,yr370yj1489_105_a_sl.mp3,"Tape 2, Side A",3,
,yr370yj1489_106_a_pm.wav,"Tape 3, Side A",,
,yr370yj1489_106_a_sh.wav,"Tape 3, Side A",,
,yr370yj1489_106_a_sl.mp3,"Tape 3, Side A",4,
,yr370yj1489_106_b_pm.wav,"Tape 3, Side B",,
,yr370yj1489_106_b_sh.wav,"Tape 3, Side B",,
,yr370yj1489_106_b_sl.mp3,"Tape 3, Side B",5,
SC1017_s3_Williams,yr783fh6906_195_a_pm.wav,"Tape 1, Side A",,
,yr783fh6906_195_a_sh.wav,"Tape 1, Side A",,
,yr783fh6906_195_a_sl.mp3,"Tape 1, Side A",1,
,yr783fh6906_195_b_pm.wav,"Tape 1, Side B",,
,yr783fh6906_195_b_sh.wav,"Tape 1, Side B",,
,yr783fh6906_195_b_sl.mp3,"Tape 1, Side B",2,
SC1017_s1_Kaplan,ys355qx3600_90_a_pm.wav,"Tape 1, Side A",,
,ys355qx3600_90_a_sh.wav,"Tape 1, Side A",,
,ys355qx3600_90_a_sl.mp3,"Tape 1, Side A",1,
,ys355qx3600_90_b_pm.wav,"Tape 1, Side B",,
,ys355qx3600_90_b_sh.wav,"Tape 1, Side B",,
,ys355qx3600_90_b_sl.mp3,"Tape 1, Side B",2,
,ys355qx3600_91_a_pm.wav,"Tape 2, Side A",,
,ys355qx3600_91_a_sh.wav,"Tape 2, Side A",,
,ys355qx3600_91_a_sl.mp3,"Tape 2, Side A",3,
,ys355qx3600_91_b_pm.wav,"Tape 2, Side B",,
,ys355qx3600_91_b_sh.wav,"Tape 2, Side B",,
,ys355qx3600_91_b_sl.mp3,"Tape 2, Side B",4,
,ys355qx3600_92_a_pm.wav,"Tape 3, Side A",,
,ys355qx3600_92_a_sh.wav,"Tape 3, Side A",,
,ys355qx3600_92_a_sl.mp3,"Tape 3, Side A",5,
,ys355qx3600_92_b_pm.wav,"Tape 3, Side B",,
,ys355qx3600_92_b_sh.wav,"Tape 3, Side B",,
,ys355qx3600_92_b_sl.mp3,"Tape 3, Side B",6,
,ys355qx3600_93_a_pm.wav,"Tape 4, Side A",,
,ys355qx3600_93_a_sh.wav,"Tape 4, Side A",,
,ys355qx3600_93_a_sl.mp3,"Tape 4, Side A",7,
,ys355qx3600_93_b_pm.wav,"Tape 4, Side B",,
,ys355qx3600_93_b_sh.wav,"Tape 4, Side B",,
,ys355qx3600_93_b_sl.mp3,"Tape 4, Side B",8,
SC1017_s1_Barclay,ys744fz5022_17_a_pm.wav,"Tape 1, Side A",,
,ys744fz5022_17_a_sh.wav,"Tape 1, Side A",,
,ys744fz5022_17_a_sl.mp3,"Tape 1, Side A",1,
,ys744fz5022_17_b_pm.wav,"Tape 1, Side B",,
,ys744fz5022_17_b_sh.wav,"Tape 1, Side B",,
,ys744fz5022_17_b_sl.mp3,"Tape 1, Side B",2,
,ys744fz5022_18_a_pm.wav,"Tape 2, Side A",,
,ys744fz5022_18_a_sh.wav,"Tape 2, Side A",,
,ys744fz5022_18_a_sl.mp3,"Tape 2, Side A",3,
,ys744fz5022_18_b_pm.wav,"Tape 2, Side B",,
,ys744fz5022_18_b_sh.wav,"Tape 2, Side B",,
,ys744fz5022_18_b_sl.mp3,"Tape 2, Side B",4,
,ys744fz5022_19_a_pm.wav,"Tape 3, Side A",,
,ys744fz5022_19_a_sh.wav,"Tape 3, Side A",,
,ys744fz5022_19_a_sl.mp3,"Tape 3, Side A",5,
,ys744fz5022_19_b_pm.wav,"Tape 3, Side B",,
,ys744fz5022_19_b_sh.wav,"Tape 3, Side B",,
,ys744fz5022_19_b_sl.mp3,"Tape 3, Side B",6,
SC1017_s6_Hewlett,yt454tq9030_115_a_pm.wav,"Tape 1, Side A",,
,yt454tq9030_115_a_sh.wav,"Tape 1, Side A",,
,yt454tq9030_115_a_sl.mp3,"Tape 1, Side A",1,
,yt454tq9030_115_b_pm.wav,"Tape 1, Side B",,
,yt454tq9030_115_b_sh.wav,"Tape 1, Side B",,
,yt454tq9030_115_b_sl.mp3,"Tape 1, Side B",2,
,yt454tq9030_116_a_pm.wav,"Tape 2, Side A",,
,yt454tq9030_116_a_sh.wav,"Tape 2, Side A",,
,yt454tq9030_116_a_sl.mp3,"Tape 2, Side A",3,
SC1017_s1_Hargadon,yt597dr7856_74_a_pm.wav,"Tape 1, Side A",,
,yt597dr7856_74_a_sh.wav,"Tape 1, Side A",,
,yt597dr7856_74_a_sl.mp3,"Tape 1, Side A",1,
,yt597dr7856_74_b_pm.wav,"Tape 1, Side B",,
,yt597dr7856_74_b_sh.wav,"Tape 1, Side B",,
,yt597dr7856_74_b_sl.mp3,"Tape 1, Side B",2,
,yt597dr7856_75_a_pm.wav,"Tape 2, Side A",,
,yt597dr7856_75_a_sh.wav,"Tape 2, Side A",,
,yt597dr7856_75_a_sl.mp3,"Tape 2, Side A",3,
,yt597dr7856_75_b_pm.wav,"Tape 2, Side B",,
,yt597dr7856_75_b_sh.wav,"Tape 2, Side B",,
,yt597dr7856_75_b_sl.mp3,"Tape 2, Side B",4,
,yt597dr7856_76_a_pm.wav,"Tape 3, Side A",,
,yt597dr7856_76_a_sh.wav,"Tape 3, Side A",,
,yt597dr7856_76_a_sl.mp3,"Tape 3, Side A",5,
,yt597dr7856_76_b_pm.wav,"Tape 3, Side B",,
,yt597dr7856_76_b_sh.wav,"Tape 3, Side B",,
,yt597dr7856_76_b_sl.mp3,"Tape 3, Side B",6,
SC1017_s1_Goheen,yv317nc5012_63_a_pm.wav,"Tape 1, Side A",,
,yv317nc5012_63_a_sh.wav,"Tape 1, Side A",,
,yv317nc5012_63_a_sl.mp3,"Tape 1, Side A",1,
,yv317nc5012_63_b_pm.wav,"Tape 1, Side B",,
,yv317nc5012_63_b_sh.wav,"Tape 1, Side B",,
,yv317nc5012_63_b_sl.mp3,"Tape 1, Side B",2,
SC1017_s1_Abramowitz,yw301dv0634_1_a_pm.wav,"Tape 1, Side A",,
,yw301dv0634_1_a_sh.wav,"Tape 1, Side A",,
,yw301dv0634_1_a_sl.mp3,"Tape 1, Side A",1,
,yw301dv0634_1_b_pm.wav,"Tape 1, Side B",,
,yw301dv0634_1_b_sh.wav,"Tape 1, Side B",,
,yw301dv0634_1_b_sl.mp3,"Tape 1, Side B",2,
,yw301dv0634_2_a_pm.wav,"Tape 2, Side A",,
,yw301dv0634_2_a_sh.wav,"Tape 2, Side A",,
,yw301dv0634_2_a_sl.mp3,"Tape 2, Side A",3,
,yw301dv0634_2_b_pm.wav,"Tape 2, Side B",,
,yw301dv0634_2_b_sh.wav,"Tape 2, Side B",,
,yw301dv0634_2_b_sl.mp3,"Tape 2, Side B",4,
,yw301dv0634_3_a_pm.wav,"Tape 3, Side A",,
,yw301dv0634_3_a_sh.wav,"Tape 3, Side A",,
,yw301dv0634_3_a_sl.mp3,"Tape 3, Side A",5,
SC1017_s3_Kershaw,yx667tf7758_178_a_pm.wav,"Tape 1, Side A",,
,yx667tf7758_178_a_sh.wav,"Tape 1, Side A",,
,yx667tf7758_178_a_sl.mp3,"Tape 1, Side A",1,
,yx667tf7758_178_b_pm.wav,"Tape 1, Side B",,
,yx667tf7758_178_b_sh.wav,"Tape 1, Side B",,
,yx667tf7758_178_b_sl.mp3,"Tape 1, Side B",2,
SC1017_ s1_Bark,yy158hw6345_20_a_pm.wav,"Tape 1, Side A",,
,yy158hw6345_20_a_sh.wav,"Tape 1, Side A",,
,yy158hw6345_20_a_sl.mp3,"Tape 1, Side A",1,
,yy158hw6345_20_b_pm.wav,"Tape 1, Side B",,
,yy158hw6345_20_b_sh.wav,"Tape 1, Side B",,
,yy158hw6345_20_b_sl.mp3,"Tape 1, Side B",2,
,yy158hw6345_21_a_pm.wav,"Tape 2, Side A",,
,yy158hw6345_21_a_sh.wav,"Tape 2, Side A",,
,yy158hw6345_21_a_sl.mp3,"Tape 2, Side A",3,
,yy158hw6345_21_b_pm.wav,"Tape 2, Side B",,
,yy158hw6345_21_b_sh.wav,"Tape 2, Side B",,
,yy158hw6345_21_b_sl.mp3,"Tape 2, Side B",4,
,yy158hw6345_22_a_pm.wav,"Tape 3, Side A",,
,yy158hw6345_22_a_sh.wav,"Tape 3, Side A",,
,yy158hw6345_22_a_sl.mp3,"Tape 3, Side A",5,
,yy158hw6345_22_b_pm.wav,"Tape 3, Side B",,
,yy158hw6345_22_b_sh.wav,"Tape 3, Side B",,
,yy158hw6345_22_b_sl.mp3,"Tape 3, Side B",6,
SC1017_s1_Farnsworth,zf346dq8094_60_a_pm.wav,"Tape 1, Side A",,
,zf346dq8094_60_a_sh.wav,"Tape 1, Side A",,
,zf346dq8094_60_a_sl.mp3,"Tape 1, Side A",1,
SC1017_s3_Mellott,zf873pf9695_182_a_pm.wav,"Tape 1, Side A",,
,zf873pf9695_182_a_sh.wav,"Tape 1, Side A",,
,zf873pf9695_182_a_sl.mp3,"Tape 1, Side A",1,
SC1017_ s6_Linvill,zh839tm0156_243_a_pm.wav,"Tape 1, Side A",,
,zh839tm0156_243_a_sh.wav,"Tape 1, Side A",,
,zh839tm0156_243_a_sl.mp3,"Tape 1, Side A",1,
,zh839tm0156_243_b_pm.wav,"Tape 1, Side B",,
,zh839tm0156_243_b_sh.wav,"Tape 1, Side B",,
,zh839tm0156_243_b_sl.mp3,"Tape 1, Side B",2,
SC1017_s1_Hansen,zj580hj2003_72_a_pm.wav,"Tape 1, Side A",,
,zj580hj2003_72_a_sh.wav,"Tape 1, Side A",,
,zj580hj2003_72_a_sl.mp3,"Tape 1, Side A",1,
,zj580hj2003_72_b_pm.wav,"Tape 1, Side B",,
,zj580hj2003_72_b_sh.wav,"Tape 1, Side B",,
,zj580hj2003_72_b_sl.mp3,"Tape 1, Side B",2,
,zj580hj2003_73_a_pm.wav,"Tape 2, Side A",,
,zj580hj2003_73_a_sh.wav,"Tape 2, Side A",,
,zj580hj2003_73_a_sl.mp3,"Tape 2, Side A",3,
,zj580hj2003_73_b_pm.wav,"Tape 2, Side B",,
,zj580hj2003_73_b_sh.wav,"Tape 2, Side B",,
,zj580hj2003_73_b_sl.mp3,"Tape 2, Side B",4,
SC1017_s1_Fischel,zn764fb7412_213_a_pm.wav,"Tape 1, Side A",,
,zn764fb7412_213_a_sh.wav,"Tape 1, Side A",,
,zn764fb7412_213_a_sl.mp3,"Tape 1, Side A",1,
,zn764fb7412_213_b_pm.wav,"Tape 1, Side B",,
,zn764fb7412_213_b_sh.wav,"Tape 1, Side B",,
,zn764fb7412_213_b_sl.mp3,"Tape 1, Side B",2,
SC1017_s4_McGilvray,zv693dd0997_54_a_pm.wav,"Tape 1, Side A",,
,zv693dd0997_54_a_sh.wav,"Tape 1, Side A",,
,zv693dd0997_54_a_sl.mp3,"Tape 1, Side A",1,
,zv693dd0997_54_b_pm.wav,"Tape 1, Side B",,
,zv693dd0997_54_b_sh.wav,"Tape 1, Side B",,
,zv693dd0997_54_b_sl.mp3,"Tape 1, Side B",2,
SC1017_s7_Newell,,,,dk471cc4617
SC1017_s1_Chuck,,,,mg062dd6453
SC1017_s1_Jones,,,,nr755xc8292
SC1017_s1_Bacon_Harold,,,,rw449vc4959
SC1017_s1_Terman,,,,sg324fk4242
SC1017_s1_Fishman,,,,tx280tj5262
SC1017_s7_Beard,,,,wx313fj6889
SC1017_s1_Bowes,,,,ym152fr1687